vmax,seed,ep,n_movers,ours_reach,ours_t,ours_clr,ours_coll,ego_reach,ego_t,ego_clr,ego_coll,sando_reach,sando_t,sando_clr,sando_coll
3.0,0,0,1,1,5.7,1.332,0,1,7.2,-0.033,1,0,18.9,3.202,0
3.0,0,1,2,1,5.4,2.175,0,1,4.5,1.153,0,0,18.9,2.825,0
3.0,0,2,2,1,4.8,1.534,0,1,4.8,1.04,0,0,16.2,2.4,0
3.0,0,3,2,1,4.8,1.426,0,1,5.1,0.872,0,0,31.2,0.888,0
3.0,0,4,1,1,5.4,1.185,0,1,7.2,0.094,0,0,21.0,2.408,0
3.0,0,5,2,1,5.4,1.312,0,1,7.2,-0.002,1,0,25.2,1.404,0
3.0,1,0,3,1,5.1,1.471,0,1,9.0,-0.058,1,0,33.3,1.927,0
3.0,1,1,2,1,5.1,1.619,0,1,5.1,1.393,0,0,27.0,2.81,0
3.0,1,2,1,1,5.4,1.398,0,1,5.1,0.866,0,0,16.8,3.521,0
3.0,1,3,1,1,5.1,1.841,0,1,5.1,1.097,0,0,24.0,2.178,0
3.0,1,4,4,1,5.1,1.291,0,1,5.7,0.977,0,0,17.4,2.406,0
3.0,1,5,2,1,6.9,1.426,0,1,4.8,1.048,0,0,14.7,1.196,0
3.0,2,0,2,1,4.8,1.366,0,1,5.1,0.776,0,0,13.8,2.903,0
3.0,2,1,2,1,5.4,1.398,0,1,6.6,0.423,0,0,23.4,1.517,0
3.0,2,2,2,1,5.1,1.556,0,1,4.8,0.854,0,0,27.0,2.376,0
3.0,2,3,4,1,7.2,1.582,0,1,6.9,0.182,0,0,16.2,0.148,0
3.0,2,4,1,1,5.4,1.451,0,1,6.6,0.747,0,0,16.8,2.934,0
3.0,2,5,2,1,5.4,2.092,0,0,17.4,0.424,0,0,18.3,2.151,0
3.0,3,0,2,1,6.0,2.169,0,1,5.1,0.966,0,0,16.5,2.906,0
3.0,3,1,2,1,4.8,1.475,0,1,4.5,1.213,0,0,15.6,3.553,0
3.0,3,2,1,1,5.1,1.471,0,1,6.9,-0.026,1,0,25.2,3.13,0
3.0,3,3,2,1,6.0,2.399,0,1,6.9,0.223,0,0,23.7,2.281,0
3.0,3,4,2,1,8.4,1.306,0,1,7.2,0.184,0,0,22.2,3.436,0
3.0,3,5,5,1,5.4,1.313,0,1,9.9,-0.266,1,0,14.7,1.779,0
3.0,4,0,3,1,5.4,1.308,0,1,7.2,0.196,0,0,17.4,1.733,0
3.0,4,1,1,1,5.1,1.603,0,1,4.8,0.823,0,0,26.4,3.415,0
3.0,4,2,2,1,5.4,1.363,0,1,6.9,0.039,0,0,17.4,2.093,0
3.0,4,3,1,1,6.6,1.589,0,1,5.1,0.911,0,0,15.0,1.616,0
3.0,4,4,3,1,6.0,1.383,0,0,15.0,0.089,0,0,31.2,2.439,0
3.0,4,5,1,1,5.1,1.925,0,1,4.8,0.95,0,0,16.5,2.199,0
3.0,5,0,2,1,5.1,1.547,0,1,6.9,-0.245,1,0,17.4,1.469,0
3.0,5,1,3,1,6.0,1.205,0,1,6.9,-0.055,1,0,17.4,2.385,0
3.0,5,2,1,1,5.4,2.218,0,1,6.6,0.592,0,0,38.4,2.65,0
3.0,5,3,4,1,4.8,1.565,0,1,4.8,1.069,0,0,18.9,1.42,0
3.0,5,4,1,1,5.1,1.479,0,1,6.9,-0.019,1,0,17.4,3.838,0
3.0,5,5,1,1,5.4,1.353,0,1,6.9,0.039,0,0,22.2,1.805,0
3.0,6,0,1,1,5.7,1.632,0,1,6.6,0.777,0,0,18.3,2.969,0
3.0,6,1,2,1,5.1,1.633,0,1,5.1,0.877,0,0,25.2,1.779,0
3.0,6,2,3,1,6.0,1.348,0,1,6.3,0.502,0,0,14.4,2.418,0
3.0,6,3,2,1,4.8,1.296,0,1,4.8,0.854,0,0,25.5,2.04,0
3.0,6,4,1,1,4.8,1.787,0,1,4.8,0.859,0,0,17.4,3.923,0
3.0,6,5,1,1,5.4,2.391,0,1,6.9,0.449,0,0,20.4,2.368,0
3.0,7,0,2,1,5.4,2.167,0,1,4.8,0.887,0,0,17.4,0.924,0
3.0,7,1,3,1,5.7,1.487,0,1,6.9,0.025,0,0,28.5,1.286,0
3.0,7,2,3,1,5.1,1.383,0,1,4.8,0.925,0,0,19.5,1.878,0
3.0,7,3,8,1,5.1,1.529,0,1,4.5,0.757,0,0,33.6,0.536,0
3.0,7,4,1,1,4.8,1.694,0,1,4.5,0.977,0,0,17.7,1.957,0
3.0,7,5,3,1,5.4,1.486,0,1,6.6,0.693,0,0,19.5,2.969,0
3.0,8,0,3,1,5.7,1.293,0,1,5.1,1.436,0,0,23.4,0.201,0
3.0,8,1,5,1,6.0,1.892,0,0,13.5,0.051,0,0,16.5,0.064,0
3.0,8,2,5,1,6.0,1.268,0,1,5.1,0.98,0,0,18.3,1.526,0
3.0,8,3,2,1,4.8,1.178,0,1,4.8,0.801,0,0,17.4,2.747,0
3.0,8,4,3,1,6.9,1.414,0,1,6.9,-0.094,1,0,31.2,0.026,0
3.0,8,5,3,1,6.0,1.283,0,1,6.9,1.008,0,0,16.8,3.135,0
3.0,9,0,2,1,5.4,1.543,0,1,6.9,0.011,0,0,17.4,2.526,0
3.0,9,1,3,1,6.0,1.396,0,1,6.3,0.385,0,0,16.2,-0.233,1
3.0,9,2,5,1,5.7,1.387,0,1,7.5,1.067,0,0,23.7,3.364,0
3.0,9,3,6,1,5.1,1.261,0,1,6.6,1.18,0,0,23.7,0.848,0
3.0,9,4,2,1,4.8,1.83,0,1,6.6,0.433,0,0,18.0,0.328,0
3.0,9,5,2,1,6.0,1.482,0,1,5.1,1.36,0,0,32.7,1.486,0
3.0,10,0,2,1,6.9,1.137,0,1,4.5,0.853,0,0,15.6,3.507,0
3.0,10,1,1,1,6.6,1.724,0,1,6.3,0.476,0,0,21.0,2.903,0
3.0,10,2,1,1,5.1,1.525,0,1,5.1,1.604,0,0,14.4,2.307,0
3.0,10,3,1,1,6.3,1.578,0,1,6.6,0.362,0,0,17.7,2.901,0
3.0,10,4,3,1,6.3,1.237,0,1,4.8,0.905,0,0,15.0,-0.08,1
3.0,10,5,5,1,6.3,1.539,0,1,5.1,0.834,0,0,16.2,1.488,0
3.0,11,0,4,1,6.0,2.228,0,1,6.3,-0.344,1,0,14.7,1.096,0
3.0,11,1,2,1,5.1,1.477,0,1,7.2,0.007,0,0,15.0,1.73,0
3.0,11,2,1,1,7.2,1.209,0,1,8.1,0.04,0,0,19.5,2.569,0
3.0,11,3,2,1,5.4,1.314,0,1,5.7,1.392,0,0,31.2,2.569,0
3.0,11,4,2,1,5.4,1.256,0,1,8.7,-0.039,1,0,16.2,3.294,0
3.0,11,5,4,1,5.4,2.07,0,1,4.8,0.993,0,0,18.0,1.685,0
3.0,12,0,3,1,6.0,1.797,0,1,6.3,0.142,0,0,18.9,1.967,0
3.0,12,1,7,1,6.0,1.543,0,1,11.4,0.097,0,0,15.3,0.816,0
3.0,12,2,4,1,5.1,1.95,0,1,6.6,0.694,0,0,21.6,3.352,0
3.0,12,3,5,1,6.3,0.628,0,1,4.5,1.118,0,0,15.3,1.106,0
3.0,12,4,5,1,5.7,1.528,0,1,5.7,0.945,0,0,22.5,0.439,0
3.0,12,5,1,1,5.1,1.227,0,1,5.1,1.397,0,0,14.1,4.171,0
3.0,13,0,4,1,6.6,1.486,0,1,6.3,-0.339,1,0,15.9,0.401,0
3.0,13,1,4,1,5.1,1.677,0,1,6.9,0.048,0,0,21.0,1.758,0
3.0,13,2,3,1,5.1,1.466,0,1,5.1,0.879,0,0,23.4,0.949,0
3.0,13,3,4,1,5.4,1.556,0,1,7.2,0.024,0,0,13.8,1.401,0
3.0,13,4,2,1,5.1,1.845,0,1,5.1,1.091,0,0,17.1,2.465,0
3.0,13,5,2,1,6.0,1.323,0,1,5.4,1.291,0,0,15.9,2.728,0
3.0,14,0,4,1,7.8,1.301,0,1,7.2,0.173,0,0,18.3,2.915,0
3.0,14,1,2,1,5.4,1.161,0,1,6.3,0.827,0,0,17.4,1.278,0
3.0,14,2,3,1,5.7,1.762,0,1,5.1,1.541,0,0,17.1,1.961,0
3.0,14,3,2,1,6.0,1.217,0,1,6.9,0.42,0,0,21.0,2.042,0
3.0,14,4,3,1,5.7,1.447,0,1,5.1,0.87,0,0,25.5,3.04,0
3.0,14,5,1,1,5.4,1.153,0,1,6.9,0.05,0,0,22.5,2.435,0
3.0,15,0,3,1,5.4,1.316,0,1,7.2,0.042,0,0,28.2,3.771,0
3.0,15,1,2,1,5.4,1.448,0,1,5.1,0.877,0,0,26.4,1.389,0
3.0,15,2,2,1,5.7,1.596,0,1,6.6,0.164,0,0,16.8,2.953,0
3.0,15,3,4,1,5.4,1.75,0,1,6.3,1.299,0,0,15.3,0.61,0
3.0,15,4,1,1,5.7,1.63,0,1,5.7,0.477,0,0,16.2,-0.542,1
3.0,15,5,9,1,5.7,0.937,0,1,6.9,0.498,0,0,29.7,1.427,0
3.0,16,0,5,1,5.1,1.569,0,1,6.9,0.17,0,0,18.9,3.031,0
3.0,16,1,3,1,6.0,1.374,0,1,7.8,-0.113,1,0,14.1,2.278,0
3.0,16,2,5,1,5.1,1.472,0,1,9.9,0.148,0,0,28.5,2.769,0
3.0,16,3,2,1,5.7,2.031,0,1,6.3,0.466,0,0,21.9,1.637,0
3.0,16,4,2,1,5.4,1.533,0,1,5.1,0.863,0,0,18.3,1.998,0
3.0,16,5,1,1,6.0,1.829,0,1,7.2,0.315,0,0,16.8,2.324,0
3.0,17,0,1,1,4.8,1.53,0,1,6.9,-0.27,1,0,19.5,4.105,0
3.0,17,1,3,1,5.1,1.635,0,1,7.2,0.107,0,0,15.3,2.611,0
3.0,17,2,2,1,6.0,1.209,0,1,5.1,1.053,0,0,21.9,2.697,0
3.0,17,3,2,1,5.7,1.401,0,1,6.6,0.489,0,0,20.1,1.769,0
3.0,17,4,3,1,7.5,1.018,0,1,6.0,0.295,0,0,18.6,0.024,0
3.0,17,5,1,1,5.7,1.436,0,1,6.9,0.46,0,0,24.6,2.932,0
3.0,18,0,2,1,5.4,2.089,0,1,6.3,0.432,0,0,14.7,1.386,0
3.0,18,1,1,1,6.3,1.188,0,1,5.7,-0.093,1,0,14.7,0.338,0
3.0,18,2,3,1,6.3,0.931,0,1,6.6,-0.277,1,0,22.5,0.723,0
3.0,18,3,1,1,5.4,1.347,0,1,5.1,0.861,0,0,16.8,3.513,0
3.0,18,4,2,1,5.1,1.833,0,1,7.2,-0.008,1,0,19.2,1.907,0
3.0,18,5,2,1,5.7,1.318,0,1,6.9,-0.142,1,0,26.1,2.354,0
3.0,19,0,1,1,6.0,1.65,0,1,5.7,0.289,0,0,15.6,-0.267,1
3.0,19,1,2,1,6.9,1.661,0,1,7.2,0.452,0,0,26.4,2.207,0
3.0,19,2,2,1,5.1,1.918,0,1,5.1,1.323,0,0,18.9,2.572,0
3.0,19,3,1,1,5.4,1.291,0,1,6.9,-0.027,1,0,17.4,3.079,0
3.0,19,4,2,1,6.3,1.251,0,1,5.1,0.804,0,0,14.7,2.193,0
3.0,19,5,3,1,5.7,1.927,0,1,5.4,1.279,0,0,23.1,1.676,0
4.0,0,0,1,1,4.5,1.165,0,1,6.3,0.179,0,0,18.6,2.446,0
4.0,0,1,2,1,4.8,1.399,0,1,4.2,1.23,0,0,21.0,1.775,0
4.0,0,2,2,1,4.2,1.497,0,1,4.2,1.611,0,0,37.5,2.093,0
4.0,0,3,2,1,4.5,1.441,0,1,6.0,-0.111,1,0,32.4,1.429,0
4.0,0,4,1,1,5.1,1.189,0,1,6.0,0.056,0,0,20.7,2.187,0
4.0,0,5,2,1,3.9,1.737,0,1,3.9,0.355,0,0,25.2,1.273,0
4.0,1,0,3,1,4.5,1.355,0,1,3.9,0.779,0,0,23.4,2.355,0
4.0,1,1,2,1,3.9,1.508,0,1,3.9,1.474,0,0,17.1,2.232,0
4.0,1,2,1,1,4.5,1.32,0,1,6.3,-0.023,1,0,16.5,3.009,0
4.0,1,3,1,1,3.9,1.482,0,1,3.9,1.298,0,0,17.1,2.113,0
4.0,1,4,4,1,5.7,1.656,0,1,3.9,0.789,0,0,35.1,1.834,0
4.0,1,5,2,1,4.5,1.466,0,1,5.7,0.51,0,0,14.4,1.433,0
4.0,2,0,2,1,3.9,1.454,0,1,4.8,0.765,0,0,17.4,3.585,0
4.0,2,1,2,1,6.3,1.443,0,1,6.0,0.035,0,0,21.0,2.927,0
4.0,2,2,2,1,5.4,1.539,0,1,3.9,0.959,0,0,35.4,0.372,0
4.0,2,3,4,1,6.3,0.868,0,1,3.9,0.865,0,0,14.4,0.455,0
4.0,2,4,1,1,4.5,1.671,0,1,3.9,0.774,0,0,16.5,2.633,0
4.0,2,5,2,1,6.9,0.953,0,1,4.2,1.066,0,0,20.1,1.876,0
4.0,3,0,2,1,5.1,2.022,0,1,5.4,1.172,0,0,13.8,2.656,0
4.0,3,1,2,1,4.8,1.175,0,1,3.9,1.629,0,0,15.6,3.476,0
4.0,3,2,1,1,3.9,1.724,0,1,3.9,0.809,0,0,24.9,3.728,0
4.0,3,3,2,1,6.6,1.412,0,1,6.6,-0.02,1,0,16.2,2.209,0
4.0,3,4,2,1,4.5,1.266,0,1,6.3,-0.081,1,0,32.7,3.258,0
4.0,3,5,5,1,4.8,1.207,0,1,9.3,-0.084,1,0,22.2,1.321,0
4.0,4,0,3,1,3.9,1.822,0,1,6.0,0.13,0,0,17.4,1.502,0
4.0,4,1,1,1,3.9,1.644,0,1,9.9,-0.193,1,0,25.2,3.016,0
4.0,4,2,2,1,3.9,1.9,0,1,6.0,0.048,0,0,17.4,3.096,0
4.0,4,3,1,1,5.4,1.263,0,1,6.0,0.064,0,0,14.7,1.643,0
4.0,4,4,3,1,5.4,1.666,0,1,4.2,0.964,0,0,14.4,1.678,0
4.0,4,5,1,1,4.2,1.814,0,1,4.2,1.299,0,0,21.6,2.302,0
4.0,5,0,2,1,4.2,1.596,0,1,3.9,0.951,0,0,29.4,1.01,0
4.0,5,1,3,1,4.5,1.789,0,1,6.3,0.157,0,0,17.4,2.348,0
4.0,5,2,1,1,5.1,1.369,0,1,5.7,-0.211,1,0,14.4,3.005,0
4.0,5,3,4,1,5.1,1.309,0,1,3.9,1.503,0,0,22.2,1.847,0
4.0,5,4,1,1,3.9,1.347,0,1,3.9,0.748,0,0,14.7,1.267,0
4.0,5,5,1,1,4.5,1.32,0,1,6.0,-0.012,1,0,23.4,2.008,0
4.0,6,0,1,1,4.8,1.984,0,1,6.0,-0.048,1,0,20.1,2.821,0
4.0,6,1,2,1,5.1,1.427,0,1,6.0,0.062,0,0,25.2,1.773,0
4.0,6,2,3,1,5.1,1.19,0,1,6.0,0.479,0,0,14.4,2.564,0
4.0,6,3,2,1,3.9,1.463,0,1,3.9,1.006,0,0,29.7,2.04,0
4.0,6,4,1,1,4.8,1.431,0,1,3.6,0.991,0,0,28.2,3.363,0
4.0,6,5,1,1,3.9,1.568,0,1,3.6,1.127,0,0,14.7,1.707,0
4.0,7,0,2,1,6.6,1.672,0,1,6.3,0.505,0,0,22.5,1.121,0
4.0,7,1,3,1,4.2,1.21,0,1,3.9,0.833,0,0,16.5,1.48,0
4.0,7,2,3,1,3.9,1.67,0,1,3.9,0.972,0,0,19.2,1.877,0
4.0,7,3,8,1,3.9,1.457,0,1,3.9,0.94,0,0,17.1,0.536,0
4.0,7,4,1,1,3.9,1.459,0,1,3.9,1.112,0,0,16.2,1.065,0
4.0,7,5,3,1,6.6,1.281,0,1,6.3,0.04,0,0,19.2,2.469,0
4.0,8,0,3,1,4.2,1.562,0,1,4.2,1.079,0,0,19.5,0.555,0
4.0,8,1,5,1,4.2,1.618,0,0,13.5,-0.277,1,0,13.5,0.82,0
4.0,8,2,5,1,3.9,1.529,0,1,3.9,0.912,0,0,18.0,2.035,0
4.0,8,3,2,1,3.9,1.511,0,1,4.5,0.807,0,0,14.4,3.303,0
4.0,8,4,3,1,3.9,1.339,0,1,3.9,0.877,0,0,20.7,1.251,0
4.0,8,5,3,1,5.1,1.295,0,1,5.4,0.887,0,0,20.4,1.862,0
4.0,9,0,2,1,3.9,1.603,0,1,3.9,0.875,0,0,17.7,2.572,0
4.0,9,1,3,1,4.8,1.113,0,1,6.0,0.236,0,0,15.9,-0.234,1
4.0,9,2,5,1,4.5,1.099,0,1,6.9,-0.225,1,0,23.4,3.253,0
4.0,9,3,6,1,4.5,1.224,0,1,4.8,0.366,0,0,17.4,1.714,0
4.0,9,4,2,1,3.9,1.587,0,1,3.9,0.895,0,0,35.4,0.134,0
4.0,9,5,2,1,3.9,1.211,0,1,5.4,0.98,0,0,21.9,2.096,0
4.0,10,0,2,1,5.1,1.298,0,1,3.9,1.202,0,0,15.6,3.508,0
4.0,10,1,1,1,5.4,1.262,0,1,6.0,0.103,0,0,22.2,2.224,0
4.0,10,2,1,1,3.9,1.675,0,1,6.3,0.017,0,0,14.4,2.431,0
4.0,10,3,1,1,5.7,1.206,0,1,5.7,0.268,0,0,17.1,1.833,0
4.0,10,4,3,1,3.9,1.748,0,1,3.6,0.794,0,0,32.4,-0.08,1
4.0,10,5,5,1,5.1,1.305,0,1,5.4,0.629,0,0,16.8,1.468,0
4.0,11,0,4,1,5.1,2.48,0,1,6.0,-0.035,1,0,18.6,3.057,0
4.0,11,1,2,1,5.1,1.266,0,1,6.3,0.141,0,0,14.7,2.552,0
4.0,11,2,1,1,4.2,2.889,0,1,7.5,-0.052,1,0,18.9,2.569,0
4.0,11,3,2,1,4.5,1.678,0,1,5.7,-0.244,1,0,26.1,2.177,0
4.0,11,4,2,1,5.1,1.616,0,1,6.0,0.363,0,0,23.7,2.326,0
4.0,11,5,4,1,4.5,1.859,0,1,6.3,-0.22,1,0,19.2,1.077,0
4.0,12,0,3,1,7.5,1.01,0,1,4.8,1.501,0,0,17.1,2.576,0
4.0,12,1,7,1,4.8,1.419,0,1,8.1,0.25,0,0,20.4,2.057,0
4.0,12,2,4,1,5.4,1.311,0,1,3.9,0.94,0,0,21.6,2.927,0
4.0,12,3,5,1,5.1,1.606,0,1,4.2,1.556,0,0,19.2,1.669,0
4.0,12,4,5,1,4.5,2.347,0,1,6.6,-0.286,1,0,23.4,0.781,0
4.0,12,5,1,1,3.9,1.567,0,1,3.9,0.737,0,0,21.6,2.922,0
4.0,13,0,4,1,5.7,1.766,0,1,6.0,0.661,0,0,14.4,0.401,0
4.0,13,1,4,1,3.9,1.846,0,1,5.7,0.498,0,0,22.2,2.26,0
4.0,13,2,3,1,3.9,1.588,0,1,6.3,0.118,0,0,38.1,1.206,0
4.0,13,3,4,1,3.9,1.882,0,1,6.0,0.151,0,0,17.7,1.458,0
4.0,13,4,2,1,3.9,1.608,0,1,3.9,1.78,0,0,28.5,2.982,0
4.0,13,5,2,1,3.9,1.886,0,1,4.8,0.569,0,0,26.1,2.753,0
4.0,14,0,4,1,3.9,1.616,0,1,3.6,1.177,0,0,24.9,3.586,0
4.0,14,1,2,1,3.9,1.394,0,1,6.0,0.041,0,0,27.9,2.78,0
4.0,14,2,3,1,5.1,2.245,0,1,5.7,0.198,0,0,18.6,0.884,0
4.0,14,3,2,1,3.9,1.706,0,1,3.6,1.065,0,0,20.4,2.09,0
4.0,14,4,3,1,5.4,1.155,0,1,9.0,-0.128,1,0,25.2,2.257,0
4.0,14,5,1,1,3.9,1.567,0,1,6.3,0.112,0,0,18.9,2.15,0
4.0,15,0,3,1,5.1,1.322,0,1,5.7,0.375,0,0,14.7,0.409,0
4.0,15,1,2,1,5.1,2.138,0,1,6.0,0.072,0,0,37.2,1.115,0
4.0,15,2,2,1,5.1,1.631,0,1,5.4,0.284,0,0,17.1,1.981,0
4.0,15,3,4,1,4.8,1.677,0,1,6.3,-0.274,1,0,15.0,0.687,0
4.0,15,4,1,1,4.8,1.828,0,1,5.4,-0.243,1,0,23.1,-0.542,1
4.0,15,5,9,1,7.2,1.235,0,1,3.9,1.02,0,0,19.2,1.195,0
4.0,16,0,5,1,4.5,1.425,0,1,5.7,-0.053,1,0,20.1,3.031,0
4.0,16,1,3,1,6.0,0.634,0,1,3.9,1.111,0,0,21.9,1.735,0
4.0,16,2,5,1,4.8,2.031,0,1,8.7,-0.141,1,0,18.6,2.366,0
4.0,16,3,2,1,4.5,1.776,0,1,5.7,-0.178,1,0,28.2,1.516,0
4.0,16,4,2,1,3.9,1.794,0,1,8.7,0.093,0,0,18.0,2.283,0
4.0,16,5,1,1,5.4,2.259,0,1,6.6,0.034,0,0,16.2,2.175,0
4.0,17,0,1,1,4.8,2.009,0,1,6.0,0.055,0,0,23.7,4.05,0
4.0,17,1,3,1,5.1,1.684,0,1,6.0,0.046,0,0,23.7,2.799,0
4.0,17,2,2,1,5.1,1.195,0,1,3.9,1.319,0,0,18.6,2.597,0
4.0,17,3,2,1,3.9,1.687,0,1,6.3,-0.199,1,0,20.1,1.768,0
4.0,17,4,3,1,4.8,1.14,0,1,5.7,0.367,0,0,14.7,0.224,0
4.0,17,5,1,1,3.9,1.437,0,1,6.0,0.028,0,0,13.8,3.345,0
4.0,18,0,2,1,3.9,1.571,0,1,3.9,0.997,0,0,23.7,3.073,0
4.0,18,1,1,1,5.1,0.888,0,1,5.4,0.057,0,0,14.4,-0.506,1
4.0,18,2,3,1,5.1,0.911,0,1,6.0,-0.155,1,0,22.2,0.177,0
4.0,18,3,1,1,6.3,1.277,0,1,6.0,0.162,0,0,14.4,2.144,0
4.0,18,4,2,1,6.3,1.145,0,1,6.3,-0.012,1,0,16.5,3.039,0
4.0,18,5,2,1,4.8,1.369,0,1,6.3,-0.01,1,0,17.7,2.305,0
4.0,19,0,1,1,5.1,1.753,0,1,3.9,2.8,0,0,27.6,-0.19,1
4.0,19,1,2,1,5.4,1.437,0,1,6.3,0.341,0,0,16.2,2.335,0
4.0,19,2,2,1,4.5,1.463,0,1,4.2,1.004,0,0,18.9,2.707,0
4.0,19,3,1,1,5.1,1.417,0,1,6.0,-0.006,1,0,16.2,1.534,0
4.0,19,4,2,1,6.9,1.242,0,1,3.9,0.865,0,0,14.4,2.022,0
4.0,19,5,3,1,4.8,1.665,0,1,4.5,1.291,0,0,18.6,1.323,0
5.0,0,0,1,1,3.6,1.462,0,1,3.3,0.811,0,0,30.9,2.433,0
5.0,0,1,2,1,3.6,1.228,0,1,3.3,0.025,0,0,21.0,2.056,0
5.0,0,2,2,1,3.3,1.61,0,1,3.6,1.212,0,0,17.1,2.369,0
5.0,0,3,2,1,3.6,1.743,0,1,5.4,-0.032,1,0,26.4,1.429,0
5.0,0,4,1,1,4.8,1.542,0,1,3.3,0.986,0,0,20.7,1.702,0
5.0,0,5,2,1,4.8,1.279,0,1,3.3,1.589,0,0,26.1,1.551,0
5.0,1,0,3,1,5.1,1.156,0,1,9.9,0.301,0,0,23.4,2.403,0
5.0,1,1,2,1,3.6,1.558,0,1,3.3,1.16,0,0,17.7,1.545,0
5.0,1,2,1,1,3.6,1.65,0,1,3.3,1.08,0,0,14.1,2.072,0
5.0,1,3,1,1,3.6,1.645,0,1,3.3,0.714,0,0,21.6,2.1,0
5.0,1,4,4,1,3.9,1.571,0,1,5.7,1.047,0,0,17.1,2.42,0
5.0,1,5,2,1,3.9,1.352,0,1,5.7,0.558,0,0,18.3,1.976,0
5.0,2,0,2,1,3.9,1.152,0,0,14.7,-0.246,1,0,13.8,1.764,0
5.0,2,1,2,1,4.5,1.498,0,1,5.4,-0.044,1,0,20.7,2.692,0
5.0,2,2,2,1,3.3,1.591,0,1,3.3,1.28,0,0,13.8,2.634,0
5.0,2,3,4,1,4.5,1.063,0,1,3.3,2.841,0,0,14.4,0.364,0
5.0,2,4,1,1,4.5,1.417,0,1,3.3,1.077,0,0,16.2,2.621,0
5.0,2,5,2,1,8.1,1.198,0,1,3.6,0.967,0,0,36.6,1.793,0
5.0,3,0,2,1,5.1,1.362,0,1,3.3,0.75,0,0,18.6,2.656,0
5.0,3,1,2,1,3.3,1.586,0,1,12.0,0.33,0,0,15.6,3.609,0
5.0,3,2,1,1,3.3,1.475,0,1,3.3,1.17,0,0,23.4,3.161,0
5.0,3,3,2,1,4.8,1.498,0,1,3.3,0.89,0,0,15.9,2.181,0
5.0,3,4,2,1,4.5,1.344,0,1,3.3,0.976,0,0,23.1,3.258,0
5.0,3,5,5,1,5.7,1.192,0,1,3.3,0.919,0,0,21.9,2.137,0
5.0,4,0,3,1,3.6,1.605,0,1,3.3,1.043,0,0,13.8,1.803,0
5.0,4,1,1,1,3.3,1.71,0,1,3.3,1.415,0,0,21.9,3.004,0
5.0,4,2,2,1,3.6,1.665,0,1,3.3,1.043,0,0,13.8,2.263,0
5.0,4,3,1,1,3.6,1.729,0,1,3.3,1.036,0,0,39.9,1.777,0
5.0,4,4,3,1,4.8,1.372,0,1,3.3,0.886,0,0,21.3,2.428,0
5.0,4,5,1,1,4.8,1.199,0,1,3.3,1.012,0,0,15.9,2.247,0
5.0,5,0,2,1,5.1,1.577,0,1,3.3,1.092,0,0,29.4,1.01,0
5.0,5,1,3,1,5.1,1.391,0,1,3.3,0.882,0,0,17.1,2.384,0
5.0,5,2,1,1,3.9,1.713,0,1,5.7,-0.08,1,0,21.9,2.469,0
5.0,5,3,4,1,3.6,1.961,0,1,3.6,1.541,0,0,21.9,1.894,0
5.0,5,4,1,1,3.6,1.638,0,1,3.3,1.072,0,0,14.7,1.264,0
5.0,5,5,1,1,4.8,1.502,0,1,3.3,0.952,0,0,14.4,1.654,0
5.0,6,0,1,1,4.5,1.297,0,1,3.3,1.013,0,0,17.7,2.651,0
5.0,6,1,2,1,3.3,2.056,0,1,3.3,1.0,0,0,20.4,1.625,0
5.0,6,2,3,1,3.3,1.725,0,1,3.3,1.185,0,0,25.2,1.8,0
5.0,6,3,2,1,3.3,1.451,0,1,3.3,1.37,0,0,29.4,3.406,0
5.0,6,4,1,1,4.5,1.304,0,1,3.3,1.304,0,0,29.7,2.705,0
5.0,6,5,1,1,3.3,1.792,0,1,3.3,1.493,0,0,30.9,2.234,0
5.0,7,0,2,1,3.3,1.617,0,1,5.4,-0.152,1,0,23.1,1.011,0
5.0,7,1,3,1,4.5,1.318,0,1,5.7,0.078,0,0,16.2,1.389,0
5.0,7,2,3,1,3.9,1.684,0,1,3.6,1.256,0,0,18.9,1.877,0
5.0,7,3,8,1,3.3,1.366,0,1,3.3,1.15,0,0,14.4,0.536,0
5.0,7,4,1,1,3.3,1.225,0,1,3.3,0.856,0,0,24.6,1.933,0
5.0,7,5,3,1,4.8,1.191,0,1,3.3,0.922,0,0,13.8,1.723,0
5.0,8,0,3,1,3.6,1.569,0,1,8.7,0.222,0,0,19.2,0.658,0
5.0,8,1,5,1,3.6,1.629,0,1,3.3,0.876,0,0,13.5,0.655,0
5.0,8,2,5,1,3.6,1.545,0,1,3.6,1.219,0,0,17.7,2.035,0
5.0,8,3,2,1,3.6,1.489,0,1,4.2,0.791,0,0,14.4,3.302,0
5.0,8,4,3,1,3.3,1.507,0,1,3.3,1.199,0,0,24.6,0.243,0
5.0,8,5,3,1,4.5,1.38,0,1,3.6,0.936,0,0,20.4,1.858,0
5.0,9,0,2,1,4.5,1.411,0,1,3.3,1.05,0,0,17.7,2.564,0
5.0,9,1,3,1,4.8,0.974,0,1,3.3,2.128,0,0,15.9,-0.109,1
5.0,9,2,5,1,3.9,1.212,0,1,3.3,0.955,0,0,23.4,2.908,0
5.0,9,3,6,1,3.6,1.407,0,1,5.1,1.178,0,0,21.9,-0.188,1
5.0,9,4,2,1,4.8,1.478,0,1,3.3,1.478,0,0,18.6,1.325,0
5.0,9,5,2,1,3.6,1.282,0,1,5.4,0.104,0,0,23.4,1.933,0
5.0,10,0,2,1,3.9,2.186,0,1,3.3,1.011,0,0,35.4,3.508,0
5.0,10,1,1,1,3.9,1.583,0,1,5.7,-0.138,1,0,20.7,2.315,0
5.0,10,2,1,1,3.6,1.623,0,1,3.3,1.297,0,0,13.8,2.424,0
5.0,10,3,1,1,3.6,1.511,0,1,3.3,0.882,0,0,14.4,1.765,0
5.0,10,4,3,1,3.6,1.587,0,1,6.3,0.057,0,0,14.1,0.351,0
5.0,10,5,5,1,3.9,1.361,0,1,6.9,0.249,0,0,16.5,1.468,0
5.0,11,0,4,1,4.8,1.716,0,1,5.1,0.598,0,0,18.6,3.057,0
5.0,11,1,2,1,3.3,1.914,0,1,3.3,1.117,0,0,31.2,2.363,0
5.0,11,2,1,1,3.6,1.411,0,1,6.6,0.182,0,0,20.1,2.569,0
5.0,11,3,2,1,5.4,1.37,0,1,3.3,1.006,0,0,33.6,2.163,0
5.0,11,4,2,1,4.8,1.56,0,1,3.3,1.137,0,0,17.7,1.231,0
5.0,11,5,4,1,4.8,1.504,0,1,6.6,-0.146,1,0,18.9,1.036,0
5.0,12,0,3,1,5.1,1.726,0,1,5.1,0.565,0,0,19.2,0.251,0
5.0,12,1,7,1,4.5,1.374,0,1,7.2,0.05,0,0,20.1,2.431,0
5.0,12,2,4,1,4.5,1.569,0,1,3.3,1.04,0,0,21.6,2.927,0
5.0,12,3,5,1,3.6,1.533,0,1,3.3,1.212,0,0,24.6,1.8,0
5.0,12,4,5,1,4.2,1.988,0,1,5.4,0.132,0,0,23.1,0.235,0
5.0,12,5,1,1,3.6,1.285,0,1,3.3,1.131,0,0,35.4,2.81,0
5.0,13,0,4,1,5.1,1.689,0,1,5.7,0.037,0,0,33.6,0.401,0
5.0,13,1,4,1,3.6,1.65,0,1,3.3,1.074,0,0,23.7,1.377,0
5.0,13,2,3,1,3.6,1.476,0,1,3.3,0.927,0,0,23.4,1.651,0
5.0,13,3,4,1,4.8,1.543,0,1,3.3,0.982,0,0,13.8,0.863,0
5.0,13,4,2,1,3.6,1.641,0,1,3.6,1.343,0,0,13.8,1.952,0
5.0,13,5,2,1,4.5,1.654,0,1,3.9,0.809,0,0,20.4,2.766,0
5.0,14,0,4,1,3.6,1.48,0,1,3.3,1.139,0,0,21.9,3.184,0
5.0,14,1,2,1,4.8,1.09,0,1,3.3,1.044,0,0,13.8,2.004,0
5.0,14,2,3,1,4.2,1.685,0,1,5.4,0.017,0,0,14.4,1.763,0
5.0,14,3,2,1,3.3,1.724,0,1,3.3,1.42,0,0,20.1,1.618,0
5.0,14,4,3,1,3.3,1.403,0,1,3.3,1.11,0,0,23.4,2.377,0
5.0,14,5,1,1,3.3,1.652,0,1,5.7,0.058,0,0,21.9,1.996,0
5.0,15,0,3,1,6.6,1.465,0,1,5.7,0.092,0,0,14.7,0.407,0
5.0,15,1,2,1,3.3,2.095,0,1,3.3,1.012,0,0,17.4,1.129,0
5.0,15,2,2,1,3.9,1.632,0,1,6.3,0.166,0,0,15.9,1.383,0
5.0,15,3,4,1,4.2,1.587,0,1,3.6,1.005,0,0,27.6,0.303,0
5.0,15,4,1,1,4.2,1.732,0,1,5.1,-0.412,1,0,17.7,-0.542,1
5.0,15,5,9,1,5.7,1.406,0,1,5.7,0.152,0,0,20.4,1.974,0
5.0,16,0,5,1,5.4,1.238,0,1,3.3,1.053,0,0,14.4,2.649,0
5.0,16,1,3,1,4.8,1.528,0,1,3.6,1.096,0,0,29.1,1.813,0
5.0,16,2,5,1,4.2,1.529,0,1,6.3,0.123,0,0,13.8,2.155,0
5.0,16,3,2,1,4.8,1.344,0,1,5.7,-0.113,1,0,27.9,1.378,0
5.0,16,4,2,1,4.5,1.505,0,1,3.3,1.196,0,0,18.9,2.324,0
5.0,16,5,1,1,3.9,1.832,0,1,5.4,0.125,0,0,17.4,2.729,0
5.0,17,0,1,1,3.3,1.582,0,1,3.3,1.219,0,0,23.7,3.313,0
5.0,17,1,3,1,4.8,1.366,0,1,3.3,0.988,0,0,25.2,2.89,0
5.0,17,2,2,1,3.6,1.904,0,1,3.3,1.052,0,0,15.6,2.586,0
5.0,17,3,2,1,3.3,1.737,0,1,3.3,1.428,0,0,18.9,1.852,0
5.0,17,4,3,1,4.5,0.953,0,1,5.4,0.234,0,0,16.8,0.581,0
5.0,17,5,1,1,4.2,1.261,0,1,5.4,0.142,0,0,14.1,1.903,0
5.0,18,0,2,1,3.3,1.666,0,1,3.3,1.361,0,0,26.4,1.55,0
5.0,18,1,1,1,5.7,1.048,0,1,4.2,0.098,0,0,14.4,-0.171,1
5.0,18,2,3,1,5.4,0.92,0,1,5.7,-0.024,1,0,21.9,0.17,0
5.0,18,3,1,1,3.3,1.293,0,1,3.3,1.009,0,0,13.8,1.755,0
5.0,18,4,2,1,3.3,2.038,0,1,3.3,0.974,0,0,18.9,1.762,0
5.0,18,5,2,1,4.8,1.459,0,1,3.3,1.459,0,0,17.7,2.387,0
5.0,19,0,1,1,3.3,4.645,0,1,3.3,4.645,0,0,14.1,-0.19,1
5.0,19,1,2,1,4.8,2.126,0,1,4.8,2.1,0,0,26.1,2.38,0
5.0,19,2,2,1,3.9,1.566,0,1,4.2,0.831,0,0,14.4,2.707,0
5.0,19,3,1,1,4.8,1.462,0,1,3.6,1.075,0,0,13.8,2.144,0
5.0,19,4,2,1,3.6,1.506,0,1,3.6,1.074,0,0,21.6,1.971,0
5.0,19,5,3,1,4.5,2.397,0,1,8.1,-0.169,1,0,20.1,0.624,0
6.0,0,0,1,1,4.8,1.477,0,1,3.3,1.007,0,0,20.1,2.433,0
6.0,0,1,2,1,4.5,1.721,0,1,3.3,0.962,0,0,20.7,1.872,0
6.0,0,2,2,1,3.6,1.898,0,1,3.3,1.027,0,0,27.6,3.482,0
6.0,0,3,2,1,3.9,1.427,0,1,3.0,0.899,0,0,26.4,1.429,0
6.0,0,4,1,1,3.6,1.478,0,1,3.3,0.98,0,0,20.4,1.604,0
6.0,0,5,2,1,3.3,1.309,0,1,3.0,-0.19,1,0,14.4,1.646,0
6.0,1,0,3,1,4.8,1.345,0,1,3.0,0.819,0,0,23.4,1.852,0
6.0,1,1,2,1,3.9,1.355,0,1,3.3,1.406,0,0,17.4,1.485,0
6.0,1,2,1,1,3.3,1.669,0,1,3.3,1.096,0,0,14.1,2.072,0
6.0,1,3,1,1,3.6,1.438,0,1,3.6,1.172,0,0,21.6,2.187,0
6.0,1,4,4,1,3.6,1.371,0,1,8.4,0.054,0,0,21.9,1.832,0
6.0,1,5,2,1,3.6,1.575,0,1,6.0,-0.098,1,0,14.1,1.433,0
6.0,2,0,2,1,3.9,1.505,0,1,3.0,1.004,0,0,13.8,1.764,0
6.0,2,1,2,1,3.3,1.307,0,1,3.3,0.851,0,0,29.4,1.667,0
6.0,2,2,2,1,3.3,1.626,0,1,3.3,1.326,0,0,13.8,2.65,0
6.0,2,3,4,1,4.5,0.918,0,1,3.3,2.567,0,0,14.4,0.449,0
6.0,2,4,1,1,3.3,1.664,0,1,3.3,1.09,0,0,15.9,1.473,0
6.0,2,5,2,1,5.1,1.321,0,1,4.2,1.341,0,0,20.1,1.724,0
6.0,3,0,2,1,4.8,1.302,0,1,3.3,0.974,0,0,18.6,2.656,0
6.0,3,1,2,1,3.3,1.43,0,1,3.0,0.961,0,0,38.4,3.253,0
6.0,3,2,1,1,4.8,1.485,0,1,3.3,1.221,0,0,27.9,3.149,0
6.0,3,3,2,1,5.1,1.356,0,1,3.3,1.007,0,0,23.4,2.03,0
6.0,3,4,2,1,3.6,1.976,0,1,3.3,0.996,0,0,20.4,3.258,0
6.0,3,5,5,1,5.1,1.323,0,1,7.8,0.207,0,0,21.9,1.595,0
6.0,4,0,3,1,4.5,1.329,0,1,3.3,1.058,0,0,13.8,1.578,0
6.0,4,1,1,1,3.3,1.72,0,1,3.0,1.236,0,0,38.4,3.004,0
6.0,4,2,2,1,3.3,1.601,0,1,3.3,1.031,0,0,17.4,2.263,0
6.0,4,3,1,1,3.3,1.599,0,1,3.3,1.035,0,0,26.4,2.585,0
6.0,4,4,3,1,5.1,1.617,0,1,3.3,1.013,0,0,14.4,1.678,0
6.0,4,5,1,1,3.9,1.345,0,1,3.3,0.828,0,0,15.6,2.349,0
6.0,5,0,2,1,5.1,1.219,0,1,6.0,-0.05,1,0,14.4,1.01,0
6.0,5,1,3,1,3.3,1.698,0,1,3.0,1.013,0,0,29.1,0.464,0
6.0,5,2,1,1,4.2,1.39,0,1,3.0,0.82,0,0,13.5,2.469,0
6.0,5,3,4,1,3.3,1.773,0,1,4.2,1.108,0,0,27.9,2.205,0
6.0,5,4,1,1,3.3,1.63,0,1,3.3,1.065,0,0,14.4,1.267,0
6.0,5,5,1,1,3.3,1.519,0,1,3.3,0.997,0,0,14.4,1.654,0
6.0,6,0,1,1,3.3,1.58,0,1,3.3,1.032,0,0,27.9,2.215,0
6.0,6,1,2,1,3.3,1.592,0,1,3.3,1.045,0,0,20.4,1.554,0
6.0,6,2,3,1,3.3,1.92,0,1,3.0,1.644,0,0,36.9,1.044,0
6.0,6,3,2,1,3.3,1.793,0,1,3.0,1.251,0,0,26.1,2.856,0
6.0,6,4,1,1,4.8,1.365,0,1,3.3,1.262,0,0,18.9,3.095,0
6.0,6,5,1,1,3.0,1.564,0,1,3.0,1.281,0,0,14.4,1.707,0
6.0,7,0,2,1,3.3,1.308,0,1,3.0,0.834,0,0,33.9,0.831,0
6.0,7,1,3,1,4.5,1.324,0,1,5.7,0.164,0,0,16.2,1.241,0
6.0,7,2,3,1,3.6,1.495,0,1,3.3,1.274,0,0,18.9,1.876,0
6.0,7,3,8,1,3.0,1.409,0,1,3.0,0.847,0,0,14.1,0.536,0
6.0,7,4,1,1,3.6,1.996,0,1,3.3,1.478,0,0,17.4,1.003,0
6.0,7,5,3,1,4.8,0.925,0,1,3.3,0.986,0,0,21.9,1.723,0
6.0,8,0,3,1,3.6,1.295,0,1,6.0,0.584,0,0,19.2,0.22,0
6.0,8,1,5,1,3.6,1.41,0,1,3.3,1.04,0,0,13.2,0.757,0
6.0,8,2,5,1,3.3,1.365,0,1,3.6,0.894,0,0,17.7,2.34,0
6.0,8,3,2,1,3.6,1.508,0,1,3.9,0.815,0,0,18.6,3.326,0
6.0,8,4,3,1,3.3,1.792,0,1,3.3,1.251,0,0,29.4,0.067,0
6.0,8,5,3,1,4.5,1.196,0,1,3.3,0.812,0,0,20.4,1.858,0
6.0,9,0,2,1,5.7,1.563,0,1,3.3,1.056,0,0,17.4,2.564,0
6.0,9,1,3,1,3.6,1.925,0,1,3.3,3.161,0,0,14.1,-0.215,1
6.0,9,2,5,1,4.2,1.226,0,1,6.9,0.345,0,0,23.4,2.908,0
6.0,9,3,6,1,4.5,1.34,0,1,4.8,1.347,0,0,21.9,1.486,0
6.0,9,4,2,1,4.5,1.299,0,1,3.3,1.299,0,0,17.4,0.629,0
6.0,9,5,2,1,3.3,1.522,0,1,3.3,0.989,0,0,21.6,2.198,0
6.0,10,0,2,1,3.6,1.639,0,1,3.0,0.983,0,0,15.6,3.508,0
6.0,10,1,1,1,3.3,1.358,0,1,3.0,0.856,0,0,23.4,2.258,0
6.0,10,2,1,1,3.6,1.233,0,1,3.3,0.779,0,0,16.2,2.501,0
6.0,10,3,1,1,4.2,1.649,0,1,3.0,1.013,0,0,17.4,2.278,0
6.0,10,4,3,1,3.3,1.514,0,1,6.6,-0.148,1,0,14.1,0.351,0
6.0,10,5,5,1,4.5,1.517,0,1,6.3,0.04,0,0,38.4,1.468,0
6.0,11,0,4,1,4.5,1.362,0,1,5.7,0.174,0,0,14.1,1.279,0
6.0,11,1,2,1,3.3,1.697,0,1,3.3,1.115,0,0,30.9,2.363,0
6.0,11,2,1,1,4.8,1.33,0,1,4.2,0.887,0,0,18.9,2.569,0
6.0,11,3,2,1,3.3,1.533,0,1,5.7,0.036,0,0,27.6,2.163,0
6.0,11,4,2,1,3.9,1.432,0,1,3.3,1.187,0,0,17.4,1.231,0
6.0,11,5,4,1,4.8,1.427,0,1,5.4,0.844,0,0,18.9,0.894,0
6.0,12,0,3,1,4.5,1.99,0,1,5.1,1.86,0,0,14.1,2.893,0
6.0,12,1,7,1,3.6,1.535,0,1,5.7,0.047,0,0,33.9,2.909,0
6.0,12,2,4,1,3.9,1.516,0,1,5.4,0.03,0,0,21.6,2.927,0
6.0,12,3,5,1,3.3,1.597,0,1,3.6,1.462,0,0,24.9,2.004,0
6.0,12,4,5,1,3.9,1.303,0,1,5.7,0.206,0,0,23.4,0.537,0
6.0,12,5,1,1,3.9,1.038,0,1,3.3,0.832,0,0,15.6,2.903,0
6.0,13,0,4,1,4.8,1.363,0,1,4.8,0.179,0,0,17.1,0.401,0
6.0,13,1,4,1,3.6,1.637,0,1,3.3,1.102,0,0,21.9,1.415,0
6.0,13,2,3,1,3.6,1.462,0,1,3.3,0.95,0,0,21.9,1.734,0
6.0,13,3,4,1,3.3,1.975,0,1,3.3,1.027,0,0,13.8,0.864,0
6.0,13,4,2,1,4.8,1.279,0,1,3.3,1.237,0,0,13.8,1.752,0
6.0,13,5,2,1,4.5,1.257,0,1,4.2,1.034,0,0,20.1,2.753,0
6.0,14,0,4,1,3.3,1.348,0,1,3.3,1.063,0,0,26.1,3.48,0
6.0,14,1,2,1,5.4,1.373,0,1,3.3,1.059,0,0,13.5,1.733,0
6.0,14,2,3,1,5.1,1.339,0,1,5.4,-0.055,1,0,14.1,1.544,0
6.0,14,3,2,1,6.0,1.42,0,1,3.0,1.276,0,0,20.1,2.329,0
6.0,14,4,3,1,3.3,1.9,0,1,3.3,1.131,0,0,23.4,2.377,0
6.0,14,5,1,1,4.5,1.557,0,1,5.7,0.128,0,0,21.9,1.996,0
6.0,15,0,3,1,5.1,1.255,0,1,6.6,0.105,0,0,14.4,0.407,0
6.0,15,1,2,1,3.3,1.567,0,1,3.3,1.02,0,0,13.5,2.204,0
6.0,15,2,2,1,3.6,1.456,0,1,3.3,1.036,0,0,17.1,1.702,0
6.0,15,3,4,1,3.6,1.257,0,1,4.2,0.904,0,0,14.7,0.055,0
6.0,15,4,1,1,5.1,1.486,0,1,5.1,-0.281,1,0,13.5,-0.542,1
6.0,15,5,9,1,4.2,1.116,0,1,6.3,0.474,0,0,30.9,1.805,0
6.0,16,0,5,1,5.7,1.371,0,1,3.3,1.09,0,0,14.1,2.734,0
6.0,16,1,3,1,3.3,1.264,0,1,3.9,0.799,0,0,23.1,1.73,0
6.0,16,2,5,1,3.9,1.537,0,1,6.9,0.256,0,0,24.6,2.278,0
6.0,16,3,2,1,4.8,1.379,0,1,3.0,0.837,0,0,18.6,1.69,0
6.0,16,4,2,1,4.5,1.433,0,1,3.3,1.262,0,0,18.9,2.407,0
6.0,16,5,1,1,5.4,1.281,0,1,6.0,-0.086,1,0,18.6,1.942,0
6.0,17,0,1,1,3.3,1.854,0,1,3.3,1.281,0,0,23.4,3.962,0
6.0,17,1,3,1,3.3,1.688,0,1,3.3,1.001,0,0,36.9,3.004,0
6.0,17,2,2,1,5.4,1.324,0,1,3.3,1.395,0,0,23.4,2.482,0
6.0,17,3,2,1,3.3,1.778,0,1,3.0,1.22,0,0,32.4,1.892,0
6.0,17,4,3,1,4.2,1.113,0,1,5.1,0.306,0,0,16.8,0.581,0
6.0,17,5,1,1,3.3,1.529,0,1,5.7,0.263,0,0,13.8,2.587,0
6.0,18,0,2,1,4.5,1.121,0,1,3.0,1.258,0,0,23.4,1.55,0
6.0,18,1,1,1,4.5,1.001,0,1,3.9,0.112,0,0,14.4,-0.171,1
6.0,18,2,3,1,4.2,1.202,0,1,6.0,-0.098,1,0,21.9,0.17,0
6.0,18,3,1,1,3.3,1.293,0,1,3.3,1.033,0,0,20.4,1.652,0
6.0,18,4,2,1,3.3,1.496,0,1,3.3,0.968,0,0,30.9,2.16,0
6.0,18,5,2,1,3.3,1.9,0,1,3.3,1.327,0,0,17.4,2.387,0
6.0,19,0,1,1,3.3,5.203,0,1,3.3,5.203,0,0,14.1,-0.371,1
6.0,19,1,2,1,5.1,1.989,0,1,4.5,1.133,0,0,26.1,2.375,0
6.0,19,2,2,1,4.5,1.48,0,1,6.6,0.334,0,0,29.4,2.03,0
6.0,19,3,1,1,6.6,1.266,0,1,3.3,1.068,0,0,13.8,2.071,0
6.0,19,4,2,1,4.5,1.478,0,1,3.3,0.962,0,0,21.6,1.912,0
6.0,19,5,3,1,3.9,1.336,0,1,3.3,1.076,0,0,20.1,0.399,0
7.0,0,0,1,1,3.6,1.669,0,1,3.0,0.981,0,0,18.6,2.433,0
7.0,0,1,2,1,4.2,1.054,0,1,3.6,1.49,0,0,20.7,1.852,0
7.0,0,2,2,1,3.3,1.496,0,1,3.0,1.193,0,0,14.4,2.083,0
7.0,0,3,2,1,4.2,2.239,0,1,3.6,1.02,0,0,27.6,1.429,0
7.0,0,4,1,1,3.9,1.606,0,1,3.6,1.098,0,0,32.1,1.553,0
7.0,0,5,2,1,3.9,1.402,0,1,3.0,0.358,0,0,14.4,1.477,0
7.0,1,0,3,1,5.7,1.188,0,1,3.0,1.132,0,0,23.1,2.191,0
7.0,1,1,2,1,4.5,1.281,0,1,3.3,1.209,0,0,17.4,1.465,0
7.0,1,2,1,1,3.9,1.968,0,1,3.0,1.249,0,0,17.4,2.072,0
7.0,1,3,1,1,4.5,1.177,0,1,3.3,1.407,0,0,21.6,2.187,0
7.0,1,4,4,1,7.5,1.146,0,1,9.9,0.548,0,0,17.1,2.42,0
7.0,1,5,2,1,3.9,1.713,0,1,6.0,0.062,0,0,18.0,1.976,0
7.0,2,0,2,1,4.2,1.384,0,0,14.7,0.163,0,0,13.5,1.764,0
7.0,2,1,2,1,4.2,2.192,0,1,3.0,1.069,0,0,20.7,2.425,0
7.0,2,2,2,1,3.9,1.857,0,1,3.3,1.332,0,0,13.5,2.65,0
7.0,2,3,4,1,7.5,1.015,0,1,3.3,2.531,0,0,14.4,0.455,0
7.0,2,4,1,1,3.9,1.916,0,1,3.3,1.179,0,0,15.9,1.302,0
7.0,2,5,2,1,3.9,1.572,0,0,15.6,-0.017,1,0,36.9,1.704,0
7.0,3,0,2,1,3.3,1.477,0,1,3.0,1.213,0,0,13.5,2.656,0
7.0,3,1,2,1,3.6,1.324,0,1,10.5,0.674,0,0,15.6,3.509,0
7.0,3,2,1,1,3.9,1.729,0,1,3.6,1.237,0,0,24.6,3.809,0
7.0,3,3,2,1,3.6,1.666,0,1,3.0,1.035,0,0,15.9,1.984,0
7.0,3,4,2,1,3.9,2.009,0,1,3.0,1.157,0,0,20.4,3.058,0
7.0,3,5,5,1,5.4,1.304,0,1,9.6,0.091,0,0,21.6,2.028,0
7.0,4,0,3,1,3.9,1.757,0,1,3.0,1.199,0,0,13.5,1.561,0
7.0,4,1,1,1,3.6,1.813,0,1,3.0,1.363,0,0,21.9,3.252,0
7.0,4,2,2,1,3.9,1.951,0,1,3.0,1.194,0,0,13.5,2.263,0
7.0,4,3,1,1,3.9,1.949,0,1,3.0,1.208,0,0,33.9,2.299,0
7.0,4,4,3,1,3.9,2.248,0,1,3.0,1.025,0,0,16.8,2.177,0
7.0,4,5,1,1,4.2,1.501,0,0,14.7,0.069,0,0,20.4,2.394,0
7.0,5,0,2,1,4.5,1.469,0,1,3.0,1.263,0,0,15.6,1.01,0
7.0,5,1,3,1,3.6,1.823,0,1,3.0,1.061,0,0,23.1,0.685,0
7.0,5,2,1,1,3.9,2.019,0,1,3.0,1.07,0,0,24.6,2.469,0
7.0,5,3,4,1,6.6,1.492,0,1,3.3,1.644,0,0,27.9,2.22,0
7.0,5,4,1,1,3.9,1.928,0,1,3.3,1.174,0,0,14.4,1.264,0
7.0,5,5,1,1,3.9,2.003,0,1,3.0,1.167,0,0,29.4,1.989,0
7.0,6,0,1,1,3.9,1.977,0,1,3.0,1.191,0,0,17.4,2.641,0
7.0,6,1,2,1,3.9,1.985,0,1,3.0,1.219,0,0,15.6,2.017,0
7.0,6,2,3,1,3.9,2.338,0,1,3.3,1.006,0,0,29.4,2.046,0
7.0,6,3,2,1,3.9,1.816,0,1,3.0,1.29,0,0,26.1,2.856,0
7.0,6,4,1,1,3.0,1.488,0,1,3.0,1.341,0,0,18.6,3.095,0
7.0,6,5,1,1,3.6,1.733,0,1,3.0,1.304,0,0,32.4,2.199,0
7.0,7,0,2,1,3.9,2.007,0,1,3.0,1.039,0,0,33.9,0.471,0
7.0,7,1,3,1,3.9,1.785,0,1,3.0,1.15,0,0,27.9,1.567,0
7.0,7,2,3,1,4.2,1.274,0,1,3.6,1.195,0,0,18.9,1.876,0
7.0,7,3,8,1,3.0,1.404,0,1,6.6,0.906,0,0,14.1,0.536,0
7.0,7,4,1,1,3.9,1.799,0,1,3.3,1.4,0,0,24.6,1.702,0
7.0,7,5,3,1,5.4,1.132,0,1,3.0,1.116,0,0,13.5,1.723,0
7.0,8,0,3,1,3.9,1.553,0,1,10.2,0.329,0,0,19.2,0.056,0
7.0,8,1,5,1,3.6,2.028,0,1,3.0,0.996,0,0,38.4,1.135,0
7.0,8,2,5,1,3.9,1.922,0,1,3.0,1.023,0,0,17.4,2.035,0
7.0,8,3,2,1,3.9,1.411,0,1,3.9,1.093,0,0,14.1,3.375,0
7.0,8,4,3,1,3.9,1.881,0,1,3.0,1.317,0,0,24.6,0.243,0
7.0,8,5,3,1,5.4,1.334,0,1,3.0,0.999,0,0,20.4,2.683,0
7.0,9,0,2,1,3.9,1.942,0,1,3.0,1.203,0,0,17.4,2.564,0
7.0,9,1,3,1,5.1,2.049,0,1,3.0,3.324,0,0,15.6,-0.234,1
7.0,9,2,5,1,4.2,1.325,0,1,7.8,0.194,0,0,23.1,3.253,0
7.0,9,3,6,1,3.6,1.358,0,1,3.3,1.15,0,0,39.6,1.746,0
7.0,9,4,2,1,3.9,1.303,0,1,3.3,1.259,0,0,17.4,0.603,0
7.0,9,5,2,1,4.2,1.679,0,1,5.7,0.747,0,0,21.9,2.327,0
7.0,10,0,2,1,4.5,1.948,0,1,3.3,1.195,0,0,36.9,3.508,0
7.0,10,1,1,1,4.2,2.09,0,1,3.3,1.029,0,0,23.4,2.127,0
7.0,10,2,1,1,4.2,1.438,0,1,3.3,1.23,0,0,17.4,2.42,0
7.0,10,3,1,1,3.6,1.784,0,1,3.0,1.056,0,0,14.4,2.354,0
7.0,10,4,3,1,3.0,1.72,0,1,3.0,1.17,0,0,32.4,-0.08,1
7.0,10,5,5,1,4.8,1.445,0,1,7.5,-0.035,1,0,16.2,1.374,0
7.0,11,0,4,1,4.5,1.199,0,1,5.7,-0.386,1,0,14.1,1.279,0
7.0,11,1,2,1,3.9,1.926,0,1,3.0,1.242,0,0,14.4,2.552,0
7.0,11,2,1,1,3.9,1.642,0,1,6.9,0.796,0,0,20.1,2.569,0
7.0,11,3,2,1,3.9,1.692,0,1,6.3,0.382,0,0,27.6,2.163,0
7.0,11,4,2,1,4.2,1.675,0,1,3.0,1.324,0,0,17.4,1.231,0
7.0,11,5,4,1,4.5,1.472,0,1,5.7,0.413,0,0,18.9,1.169,0
7.0,12,0,3,1,5.7,1.128,0,1,4.5,0.532,0,0,18.6,0.029,0
7.0,12,1,7,1,3.9,1.365,0,1,8.1,-0.026,1,0,20.1,2.473,0
7.0,12,2,4,1,5.7,1.712,0,1,3.3,1.089,0,0,21.6,2.859,0
7.0,12,3,5,1,4.2,1.268,0,1,3.3,1.384,0,0,18.9,1.449,0
7.0,12,4,5,1,4.5,1.406,0,1,4.5,1.467,0,0,23.4,1.039,0
7.0,12,5,1,1,4.5,1.159,0,1,3.3,1.162,0,0,21.6,2.922,0
7.0,13,0,4,1,5.1,1.323,0,1,4.8,0.148,0,0,25.2,0.401,0
7.0,13,1,4,1,3.9,1.715,0,1,3.0,1.218,0,0,23.4,1.527,0
7.0,13,2,3,1,3.9,1.756,0,1,3.3,1.138,0,0,23.4,1.648,0
7.0,13,3,4,1,3.9,1.974,0,1,3.0,1.171,0,0,13.5,1.31,0
7.0,13,4,2,1,4.5,1.515,0,1,3.3,1.353,0,0,13.5,1.631,0
7.0,13,5,2,1,4.5,1.413,0,1,3.3,1.079,0,0,20.4,2.784,0
7.0,14,0,4,1,5.1,1.427,0,1,3.0,1.259,0,0,21.6,3.426,0
7.0,14,1,2,1,4.2,1.658,0,1,3.0,1.199,0,0,13.5,1.761,0
7.0,14,2,3,1,4.8,1.501,0,1,5.4,-0.076,1,0,21.9,1.544,0
7.0,14,3,2,1,3.6,1.775,0,1,3.0,1.322,0,0,20.1,1.233,0
7.0,14,4,3,1,3.9,1.924,0,1,3.0,1.252,0,0,24.6,2.134,0
7.0,14,5,1,1,3.9,1.978,0,1,3.0,1.171,0,0,18.6,1.657,0
7.0,15,0,3,1,4.5,1.776,0,1,5.4,0.349,0,0,14.4,0.407,0
7.0,15,1,2,1,3.9,2.013,0,1,3.6,1.117,0,0,17.1,1.896,0
7.0,15,2,2,1,3.9,1.893,0,1,3.0,1.005,0,0,15.9,1.871,0
7.0,15,3,4,1,4.5,1.031,0,1,10.8,-0.078,1,0,14.7,0.004,0
7.0,15,4,1,1,5.7,1.819,0,1,5.4,-0.225,1,0,17.4,-0.542,1
7.0,15,5,9,1,5.4,1.177,0,1,6.9,-0.02,1,0,29.1,2.068,0
7.0,16,0,5,1,5.7,1.139,0,1,3.0,1.227,0,0,20.1,2.829,0
7.0,16,1,3,1,4.5,1.166,0,1,3.6,1.213,0,0,23.1,1.65,0
7.0,16,2,5,1,5.4,1.329,0,1,6.9,0.655,0,0,26.4,1.535,0
7.0,16,3,2,1,4.2,2.061,0,1,3.0,1.066,0,0,27.9,1.684,0
7.0,16,4,2,1,5.1,1.788,0,1,3.0,1.33,0,0,18.9,2.421,0
7.0,16,5,1,1,3.6,1.885,0,1,3.0,1.045,0,0,23.1,3.202,0
7.0,17,0,1,1,3.9,1.879,0,1,3.0,1.334,0,0,23.4,3.957,0
7.0,17,1,3,1,3.9,1.983,0,1,3.0,1.165,0,0,23.4,3.092,0
7.0,17,2,2,1,4.5,1.281,0,1,3.3,1.139,0,0,15.6,2.66,0
7.0,17,3,2,1,3.9,1.793,0,1,3.0,1.251,0,0,18.6,2.464,0
7.0,17,4,3,1,4.8,1.155,0,1,5.1,0.365,0,0,16.5,0.581,0
7.0,17,5,1,1,4.2,2.103,0,1,3.6,0.895,0,0,13.5,2.587,0
7.0,18,0,2,1,3.6,1.605,0,1,3.0,1.332,0,0,26.4,1.55,0
7.0,18,1,1,1,6.0,1.299,0,1,4.8,0.296,0,0,14.1,-0.171,1
7.0,18,2,3,1,4.5,1.039,0,1,6.0,-0.081,1,0,21.9,0.17,0
7.0,18,3,1,1,4.8,1.481,0,1,3.0,1.19,0,0,20.4,1.652,0
7.0,18,4,2,1,3.9,1.982,0,1,3.0,1.155,0,0,18.6,1.828,0
7.0,18,5,2,1,3.9,1.861,0,1,3.0,1.35,0,0,26.1,2.387,0
7.0,19,0,1,1,3.6,4.278,0,1,3.6,4.278,0,0,14.1,-0.19,1
7.0,19,1,2,1,5.4,1.584,0,1,4.2,0.481,0,0,26.1,2.375,0
7.0,19,2,2,1,3.9,2.108,0,1,6.3,0.756,0,0,18.6,2.707,0
7.0,19,3,1,1,4.2,1.771,0,1,3.0,1.191,0,0,13.5,1.353,0
7.0,19,4,2,1,4.8,1.369,0,1,9.0,0.434,0,0,21.6,2.285,0
7.0,19,5,3,1,5.1,1.526,0,1,7.8,0.464,0,0,18.6,1.501,0
8.0,0,0,1,1,3.9,1.5,0,1,5.7,-0.103,1,0,18.6,2.253,0
8.0,0,1,2,1,3.9,1.078,0,0,13.5,3.04,0,0,23.4,2.045,0
8.0,0,2,2,1,3.9,1.163,0,1,11.7,2.221,0,0,21.6,2.435,0
8.0,0,3,2,1,4.2,1.887,0,1,3.6,0.855,0,0,27.6,1.318,0
8.0,0,4,1,1,4.5,1.518,0,1,5.4,0.439,0,0,32.1,1.617,0
8.0,0,5,2,1,6.6,1.245,0,1,6.9,1.065,0,0,14.4,1.44,0
8.0,1,0,3,1,5.4,1.047,0,1,3.6,0.755,0,0,23.4,2.379,0
8.0,1,1,2,1,4.5,1.289,0,1,3.9,0.859,0,0,17.4,1.568,0
8.0,1,2,1,1,4.5,1.514,0,1,3.9,0.964,0,0,17.4,2.072,0
8.0,1,3,1,1,4.5,1.333,0,1,3.9,0.634,0,0,21.6,2.187,0
8.0,1,4,4,1,4.8,1.577,0,1,9.9,0.751,0,0,21.9,1.814,0
8.0,1,5,2,1,4.2,1.531,0,1,6.6,1.193,0,0,18.0,1.976,0
8.0,2,0,2,1,3.9,1.392,0,0,14.1,2.174,0,0,13.5,1.764,0
8.0,2,1,2,1,4.2,1.444,0,1,6.0,-0.175,1,0,20.4,2.458,0
8.0,2,2,2,1,6.0,1.468,0,1,3.6,1.155,0,0,13.5,2.631,0
8.0,2,3,4,1,5.4,1.043,0,1,8.1,0.481,0,0,14.1,0.455,0
8.0,2,4,1,1,5.4,1.237,0,1,3.9,0.984,0,0,15.6,1.235,0
8.0,2,5,2,1,4.2,1.525,0,1,4.8,1.015,0,0,33.9,1.727,0
8.0,3,0,2,1,5.4,1.37,0,1,3.3,1.087,0,0,13.2,2.656,0
8.0,3,1,2,1,6.0,1.309,0,0,14.1,1.861,0,0,27.6,3.22,0
8.0,3,2,1,1,4.5,1.355,0,1,3.9,1.072,0,0,24.6,3.809,0
8.0,3,3,2,1,3.3,1.387,0,1,5.7,-0.011,1,0,18.6,2.342,0
8.0,3,4,2,1,5.1,1.199,0,1,5.1,0.459,0,0,20.4,3.258,0
8.0,3,5,5,1,6.3,0.9,0,1,9.3,0.232,0,0,21.9,1.692,0
8.0,4,0,3,1,4.8,1.424,0,1,5.7,0.445,0,0,13.5,1.592,0
8.0,4,1,1,1,6.0,1.4,0,1,3.6,1.1,0,0,13.2,3.016,0
8.0,4,2,2,1,4.5,1.402,0,1,5.7,0.336,0,0,13.5,2.263,0
8.0,4,3,1,1,5.4,1.521,0,1,3.9,0.963,0,0,39.6,1.845,0
8.0,4,4,3,1,4.2,1.73,0,1,7.2,-0.118,1,0,18.6,2.16,0
8.0,4,5,1,1,4.2,1.259,0,1,8.4,1.191,0,0,15.6,2.662,0
8.0,5,0,2,1,5.4,1.27,0,1,3.3,1.133,0,0,18.6,1.01,0
8.0,5,1,3,1,6.9,1.361,0,1,5.7,-0.029,1,0,17.1,2.417,0
8.0,5,2,1,1,4.2,1.571,0,1,5.7,0.167,0,0,13.5,2.469,0
8.0,5,3,4,1,3.3,1.779,0,1,3.3,1.756,0,0,25.2,1.821,0
8.0,5,4,1,1,5.4,1.305,0,1,3.9,0.948,0,0,14.4,1.264,0
8.0,5,5,1,1,5.1,1.356,0,1,5.7,0.33,0,0,14.1,1.654,0
8.0,6,0,1,1,4.5,1.489,0,1,5.4,0.45,0,0,20.1,2.602,0
8.0,6,1,2,1,4.5,1.487,0,1,5.4,0.448,0,0,15.6,2.017,0
8.0,6,2,3,1,4.2,1.334,0,1,3.6,0.858,0,0,14.1,2.564,0
8.0,6,3,2,1,4.2,1.605,0,1,3.6,1.125,0,0,29.1,2.856,0
8.0,6,4,1,1,5.4,1.438,0,1,3.6,1.157,0,0,13.2,3.095,0
8.0,6,5,1,1,3.9,1.55,0,1,3.6,1.132,0,0,20.1,2.688,0
8.0,7,0,2,1,3.9,1.462,0,1,3.6,0.874,0,0,33.9,0.697,0
8.0,7,1,3,1,5.1,1.6,0,1,6.0,0.343,0,0,13.2,1.672,0
8.0,7,2,3,1,4.2,1.52,0,1,16.5,2.599,0,0,18.9,1.876,0
8.0,7,3,8,1,3.6,1.4,0,1,12.3,0.252,0,0,14.1,0.536,0
8.0,7,4,1,1,3.6,1.218,0,1,3.3,0.985,0,0,15.9,1.92,0
8.0,7,5,3,1,5.1,1.58,0,1,5.4,0.477,0,0,21.9,1.723,0
8.0,8,0,3,1,4.2,1.255,0,1,10.2,0.719,0,0,18.9,0.124,0
8.0,8,1,5,1,4.5,1.361,0,1,5.4,0.443,0,0,36.9,0.924,0
8.0,8,2,5,1,3.9,1.5,0,1,6.0,1.117,0,0,17.4,2.035,0
8.0,8,3,2,1,4.2,1.223,0,0,13.5,2.949,0,0,14.1,3.388,0
8.0,8,4,3,1,5.1,1.443,0,1,3.9,1.094,0,0,13.5,2.317,0
8.0,8,5,3,1,5.7,1.14,0,1,6.3,-0.231,1,0,20.1,1.858,0
8.0,9,0,2,1,4.5,2.028,0,1,3.9,0.948,0,0,17.4,2.564,0
8.0,9,1,3,1,6.6,1.211,0,1,5.7,0.322,0,0,14.1,-0.171,1
8.0,9,2,5,1,8.1,1.308,0,1,7.5,0.541,0,0,23.1,3.253,0
8.0,9,3,6,1,4.2,1.497,0,1,13.2,0.197,0,0,21.9,1.617,0
8.0,9,4,2,1,5.1,1.281,0,1,3.6,1.181,0,0,17.4,1.351,0
8.0,9,5,2,1,4.5,1.503,0,1,8.7,1.182,0,0,21.6,2.333,0
8.0,10,0,2,1,4.2,1.707,0,1,14.1,2.404,0,0,35.4,3.508,0
8.0,10,1,1,1,4.2,1.445,0,1,6.3,-0.139,1,0,20.4,1.983,0
8.0,10,2,1,1,4.5,1.591,0,1,3.9,0.654,0,0,17.4,2.42,0
8.0,10,3,1,1,3.6,1.502,0,1,3.3,1.09,0,0,17.4,2.608,0
8.0,10,4,3,1,5.7,1.188,0,1,10.2,0.117,0,0,14.1,0.351,0
8.0,10,5,5,1,5.1,1.653,0,1,7.8,-0.15,1,0,38.4,1.468,0
8.0,11,0,4,1,5.1,1.125,0,1,4.8,0.692,0,0,14.1,1.279,0
8.0,11,1,2,1,5.4,1.564,0,1,3.9,1.002,0,0,30.9,2.091,0
8.0,11,2,1,1,4.5,1.45,0,1,6.9,0.91,0,0,18.6,2.569,0
8.0,11,3,2,1,5.4,1.39,0,1,3.6,1.122,0,0,47.4,2.15,0
8.0,11,4,2,1,5.1,1.509,0,1,5.7,0.435,0,0,23.4,1.231,0
8.0,11,5,4,1,4.5,1.678,0,1,6.9,0.763,0,0,18.6,1.274,0
8.0,12,0,3,1,5.7,0.923,0,1,5.1,0.663,0,0,18.9,-0.003,1
8.0,12,1,7,1,5.1,1.186,0,1,7.5,1.403,0,0,20.1,2.456,0
8.0,12,2,4,1,5.4,1.142,0,1,3.9,1.033,0,0,21.6,2.92,0
8.0,12,3,5,1,3.9,1.081,0,1,12.9,1.637,0,0,27.6,2.314,0
8.0,12,4,5,1,4.5,1.609,0,1,4.8,1.415,0,0,17.4,-0.07,1
8.0,12,5,1,1,4.5,1.089,0,1,3.9,0.714,0,0,15.6,2.955,0
8.0,13,0,4,1,5.4,1.399,0,1,5.1,-0.363,1,0,25.2,0.401,0
8.0,13,1,4,1,3.9,1.638,0,1,3.9,0.976,0,0,20.4,1.533,0
8.0,13,2,3,1,4.5,1.493,0,1,5.4,0.454,0,0,23.4,1.66,0
8.0,13,3,4,1,4.5,1.517,0,1,5.4,0.438,0,0,13.5,0.827,0
8.0,13,4,2,1,4.2,1.618,0,1,7.2,0.61,0,0,13.5,1.567,0
8.0,13,5,2,1,6.9,1.223,0,0,13.5,3.087,0,0,20.4,2.784,0
8.0,14,0,4,1,3.6,1.51,0,1,3.3,1.125,0,0,26.1,3.426,0
8.0,14,1,2,1,5.4,1.47,0,1,4.8,0.551,0,0,13.5,1.813,0
8.0,14,2,3,1,6.0,1.535,0,1,5.7,0.044,0,0,14.1,1.877,0
8.0,14,3,2,1,6.0,1.462,0,1,3.6,1.121,0,0,20.1,2.007,0
8.0,14,4,3,1,4.5,1.482,0,1,3.9,1.017,0,0,21.6,2.377,0
8.0,14,5,1,1,4.2,1.531,0,1,6.0,-0.152,1,0,18.6,1.676,0
8.0,15,0,3,1,4.5,1.576,0,1,7.5,1.298,0,0,14.4,0.407,0
8.0,15,1,2,1,4.5,1.508,0,1,5.7,0.441,0,0,13.5,2.204,0
8.0,15,2,2,1,3.9,1.588,0,1,3.3,0.902,0,0,15.9,1.709,0
8.0,15,3,4,1,4.8,1.483,0,1,9.6,1.316,0,0,26.1,0.204,0
8.0,15,4,1,1,6.0,1.803,0,1,5.4,0.089,0,0,15.6,-0.542,1
8.0,15,5,9,1,5.7,1.171,0,1,6.9,-0.041,1,0,18.6,2.079,0
8.0,16,0,5,1,6.0,1.284,0,1,5.7,0.096,0,0,14.1,2.815,0
8.0,16,1,3,1,5.1,1.986,0,0,13.5,0.31,0,0,26.1,1.623,0
8.0,16,2,5,1,5.4,1.121,0,1,6.9,1.019,0,0,27.9,1.556,0
8.0,16,3,2,1,3.9,1.499,0,1,3.6,0.886,0,0,27.6,1.769,0
8.0,16,4,2,1,3.9,1.641,0,1,3.9,1.124,0,0,27.6,2.808,0
8.0,16,5,1,1,3.9,1.509,0,1,5.7,-0.126,1,0,15.9,2.174,0
8.0,17,0,1,1,5.7,1.43,0,1,3.9,1.141,0,0,18.9,2.607,0
8.0,17,1,3,1,4.2,1.543,0,1,3.9,0.885,0,0,24.9,2.799,0
8.0,17,2,2,1,3.9,1.557,0,1,3.9,1.122,0,0,15.6,2.702,0
8.0,17,3,2,1,5.7,1.507,0,1,3.6,1.138,0,0,18.6,2.481,0
8.0,17,4,3,1,5.4,1.086,0,1,6.0,0.09,0,0,16.5,0.581,0
8.0,17,5,1,1,4.2,1.77,0,1,6.0,-0.083,1,0,13.5,2.587,0
8.0,18,0,2,1,3.6,1.542,0,1,6.0,-0.138,1,0,24.9,1.55,0
8.0,18,1,1,1,5.1,1.334,0,1,3.9,0.542,0,0,14.1,-0.171,1
8.0,18,2,3,1,4.2,0.908,0,1,6.6,0.066,0,0,21.9,0.17,0
8.0,18,3,1,1,4.8,1.498,0,1,5.4,0.451,0,0,13.5,1.652,0
8.0,18,4,2,1,4.2,1.611,0,1,5.4,0.456,0,0,18.6,1.864,0
8.0,18,5,2,1,4.2,1.45,0,1,3.6,1.151,0,0,26.1,2.392,0
8.0,19,0,1,1,3.9,3.038,0,1,3.9,3.038,0,0,18.6,-0.23,1
8.0,19,1,2,1,5.1,1.756,0,1,4.5,0.697,0,0,18.6,2.301,0
8.0,19,2,2,1,4.5,1.609,0,1,6.6,1.305,0,0,14.1,2.698,0
8.0,19,3,1,1,3.9,1.679,0,1,5.7,0.451,0,0,13.5,1.217,0
8.0,19,4,2,1,4.5,1.198,0,1,9.3,0.731,0,0,14.1,2.342,0
8.0,19,5,3,1,4.2,1.742,0,1,3.3,1.124,0,0,18.6,1.66,0
