seed,ep,eps,reached,collided,min_clr,time_s
0,0,0.01,1,0,1.645,5.4
0,1,0.01,1,0,1.882,4.2
0,2,0.01,1,0,1.206,3.9
0,3,0.01,1,0,1.145,5.1
0,4,0.01,1,0,1.871,3.9
0,5,0.01,1,0,1.763,4.2
0,6,0.01,1,0,1.643,3.9
0,7,0.01,1,0,1.026,5.4
0,8,0.01,1,0,1.618,3.9
0,9,0.01,1,0,1.823,3.9
0,10,0.01,1,0,1.377,7.5
0,11,0.01,1,0,1.445,5.1
0,12,0.01,1,0,1.877,3.9
0,13,0.01,1,0,1.832,3.9
0,14,0.01,1,0,1.082,6.0
0,15,0.01,1,0,1.199,6.3
0,16,0.01,1,0,1.24,5.1
0,17,0.01,1,0,1.764,4.2
0,18,0.01,1,0,1.545,5.1
0,19,0.01,1,0,1.479,4.2
0,20,0.01,1,0,2.354,4.5
0,21,0.01,1,0,1.777,3.9
0,22,0.01,1,0,1.266,5.7
0,23,0.01,1,0,1.428,5.7
0,24,0.01,1,0,1.483,3.9
0,25,0.01,1,0,1.287,5.7
0,26,0.01,1,0,1.122,6.3
0,27,0.01,1,0,1.221,5.1
0,28,0.01,1,0,1.592,3.9
0,29,0.01,1,0,1.789,3.9
0,30,0.01,1,0,1.147,4.8
0,31,0.01,1,0,1.317,6.0
0,32,0.01,1,0,1.776,4.8
0,33,0.01,1,0,1.181,5.4
0,34,0.01,1,0,1.302,4.8
0,35,0.01,1,0,1.664,5.4
0,36,0.01,1,0,1.503,4.5
0,37,0.01,1,0,1.687,3.9
0,38,0.01,1,0,1.783,3.9
0,39,0.01,1,0,1.395,4.5
0,40,0.01,1,0,1.331,5.4
0,41,0.01,1,0,1.312,4.5
0,42,0.01,1,0,1.812,3.9
0,43,0.01,1,0,2.016,3.9
0,44,0.01,1,0,1.454,4.8
0,45,0.01,1,0,1.708,4.5
0,46,0.01,1,0,1.304,4.2
0,47,0.01,1,0,2.571,5.1
0,48,0.01,1,0,1.576,3.9
0,49,0.01,1,0,1.379,3.9
1,0,0.01,1,0,1.476,4.5
1,1,0.01,1,0,1.988,4.2
1,2,0.01,1,0,1.222,6.3
1,3,0.01,1,0,1.74,4.2
1,4,0.01,1,0,1.493,5.1
1,5,0.01,1,0,1.61,4.8
1,6,0.01,1,0,1.656,3.9
1,7,0.01,1,0,1.581,4.5
1,8,0.01,1,0,1.444,4.8
1,9,0.01,1,0,1.617,5.1
1,10,0.01,1,0,1.557,3.9
1,11,0.01,1,0,1.555,4.5
1,12,0.01,1,0,1.283,5.1
1,13,0.01,1,0,1.605,5.4
1,14,0.01,1,0,1.296,5.4
1,15,0.01,1,0,1.344,5.4
1,16,0.01,1,0,1.83,3.9
1,17,0.01,1,0,1.241,4.8
1,18,0.01,1,0,1.409,4.8
1,19,0.01,1,0,1.833,5.1
1,20,0.01,1,0,1.303,3.9
1,21,0.01,1,0,2.25,4.8
1,22,0.01,1,0,2.25,4.8
1,23,0.01,1,0,1.615,4.8
1,24,0.01,1,0,1.478,4.8
1,25,0.01,1,0,1.536,4.8
1,26,0.01,1,0,2.048,5.1
1,27,0.01,1,0,2.636,6.6
1,28,0.01,1,0,1.247,3.9
1,29,0.01,1,0,1.835,5.1
1,30,0.01,1,0,1.521,3.9
1,31,0.01,1,0,1.93,4.2
1,32,0.01,1,0,1.406,5.1
1,33,0.01,1,0,1.929,3.9
1,34,0.01,1,0,1.136,6.0
1,35,0.01,1,0,1.098,4.8
1,36,0.01,1,0,1.409,6.6
1,37,0.01,1,0,1.486,4.5
1,38,0.01,1,0,1.523,5.1
1,39,0.01,1,0,1.512,3.9
1,40,0.01,1,0,1.247,5.4
1,41,0.01,1,0,2.311,4.8
1,42,0.01,1,0,2.386,4.5
1,43,0.01,1,0,1.384,5.7
1,44,0.01,1,0,1.154,5.7
1,45,0.01,1,0,1.716,5.1
1,46,0.01,1,0,1.639,4.5
1,47,0.01,1,0,2.078,4.8
1,48,0.01,1,0,1.468,5.4
1,49,0.01,1,0,1.878,4.5
2,0,0.01,1,0,2.135,4.5
2,1,0.01,1,0,1.62,5.7
2,2,0.01,1,0,1.56,4.8
2,3,0.01,1,0,1.171,5.4
2,4,0.01,1,0,1.926,4.2
2,5,0.01,1,0,1.746,5.7
2,6,0.01,1,0,1.466,4.2
2,7,0.01,1,0,1.977,5.4
2,8,0.01,1,0,1.742,3.9
2,9,0.01,1,0,1.509,3.9
2,10,0.01,1,0,1.369,4.5
2,11,0.01,1,0,1.242,4.5
2,12,0.01,1,0,1.75,4.2
2,13,0.01,1,0,1.387,6.6
2,14,0.01,1,0,1.663,4.2
2,15,0.01,1,0,1.445,5.4
2,16,0.01,1,0,1.777,5.1
2,17,0.01,1,0,1.825,4.2
2,18,0.01,1,0,1.359,6.9
2,19,0.01,1,0,1.621,5.4
2,20,0.01,1,0,1.406,3.9
2,21,0.01,1,0,1.46,5.4
2,22,0.01,1,0,1.665,4.2
2,23,0.01,1,0,1.949,4.2
2,24,0.01,1,0,1.043,4.8
2,25,0.01,1,0,1.702,6.3
2,26,0.01,1,0,1.297,3.6
2,27,0.01,1,0,1.507,5.1
2,28,0.01,1,0,1.41,5.7
2,29,0.01,1,0,1.647,4.2
2,30,0.01,1,0,1.914,3.6
2,31,0.01,1,0,0.956,5.1
2,32,0.01,1,0,2.019,5.1
2,33,0.01,1,0,1.602,3.9
2,34,0.01,1,0,1.326,4.8
2,35,0.01,1,0,1.488,3.9
2,36,0.01,1,0,1.106,5.1
2,37,0.01,1,0,1.703,3.9
2,38,0.01,1,0,2.146,5.1
2,39,0.01,1,0,2.529,4.8
2,40,0.01,1,0,2.005,4.2
2,41,0.01,1,0,1.72,4.2
2,42,0.01,1,0,1.935,4.2
2,43,0.01,1,0,0.821,6.0
2,44,0.01,1,0,1.662,3.9
2,45,0.01,1,0,2.206,5.1
2,46,0.01,1,0,1.698,5.4
2,47,0.01,1,0,1.606,5.4
2,48,0.01,1,0,1.589,4.2
2,49,0.01,1,0,1.208,5.1
3,0,0.01,1,0,1.2,6.0
3,1,0.01,1,0,1.33,3.9
3,2,0.01,1,0,1.756,3.9
3,3,0.01,1,0,2.26,5.1
3,4,0.01,1,0,1.363,4.5
3,5,0.01,1,0,1.391,5.1
3,6,0.01,1,0,1.446,3.9
3,7,0.01,1,0,2.176,3.9
3,8,0.01,1,0,1.77,4.5
3,9,0.01,1,0,1.646,4.5
3,10,0.01,1,0,1.8,3.9
3,11,0.01,1,0,1.648,4.8
3,12,0.01,1,0,1.434,5.1
3,13,0.01,1,0,1.47,3.9
3,14,0.01,1,0,1.12,5.7
3,15,0.01,1,0,2.145,5.1
3,16,0.01,1,0,1.591,4.2
3,17,0.01,1,0,2.019,4.8
3,18,0.01,1,0,1.543,4.5
3,19,0.01,1,0,2.371,4.5
3,20,0.01,1,0,1.373,4.5
3,21,0.01,1,0,1.808,4.2
3,22,0.01,1,0,1.189,6.0
3,23,0.01,1,0,1.492,6.0
3,24,0.01,1,0,1.244,5.1
3,25,0.01,1,0,1.745,4.2
3,26,0.01,1,0,1.539,6.3
3,27,0.01,1,0,1.38,4.5
3,28,0.01,1,0,1.345,5.1
3,29,0.01,1,0,1.535,6.3
3,30,0.01,1,0,1.928,4.2
3,31,0.01,1,0,1.136,7.5
3,32,0.01,1,0,1.377,6.3
3,33,0.01,1,0,1.822,3.9
3,34,0.01,1,0,2.28,4.8
3,35,0.01,1,0,1.256,5.4
3,36,0.01,1,0,1.437,4.5
3,37,0.01,1,0,1.339,4.8
3,38,0.01,1,0,1.76,5.4
3,39,0.01,1,0,2.095,4.2
3,40,0.01,1,0,1.3,5.1
3,41,0.01,1,0,1.193,5.1
3,42,0.01,1,0,1.815,5.1
3,43,0.01,1,0,1.555,4.5
3,44,0.01,1,0,1.505,3.9
3,45,0.01,1,0,1.845,4.2
3,46,0.01,1,0,1.475,4.8
3,47,0.01,1,0,1.674,3.9
3,48,0.01,1,0,1.929,5.1
3,49,0.01,1,0,1.313,5.1
4,0,0.01,1,0,1.887,4.2
4,1,0.01,1,0,1.64,3.9
4,2,0.01,1,0,1.797,3.9
4,3,0.01,1,0,1.525,3.9
4,4,0.01,1,0,1.396,5.1
4,5,0.01,1,0,1.788,4.2
4,6,0.01,1,0,1.41,6.6
4,7,0.01,1,0,1.688,5.1
4,8,0.01,1,0,1.327,5.4
4,9,0.01,1,0,1.088,5.4
4,10,0.01,1,0,1.147,5.4
4,11,0.01,1,0,1.655,5.1
4,12,0.01,1,0,1.791,3.9
4,13,0.01,1,0,1.262,3.9
4,14,0.01,1,0,1.108,5.1
4,15,0.01,1,0,1.836,3.9
4,16,0.01,1,0,1.117,5.4
4,17,0.01,1,0,1.796,4.8
4,18,0.01,1,0,1.668,4.2
4,19,0.01,1,0,1.745,4.2
4,20,0.01,1,0,1.26,5.1
4,21,0.01,1,0,1.639,3.9
4,22,0.01,1,0,1.35,4.8
4,23,0.01,1,0,1.699,4.8
4,24,0.01,1,0,1.864,4.2
4,25,0.01,1,0,1.969,3.9
4,26,0.01,1,0,1.421,3.6
4,27,0.01,1,0,1.393,6.6
4,28,0.01,1,0,1.599,3.9
4,29,0.01,1,0,1.14,5.1
4,30,0.01,1,0,1.722,3.9
4,31,0.01,1,0,1.085,4.8
4,32,0.01,1,0,1.847,3.9
4,33,0.01,1,0,2.17,5.1
4,34,0.01,1,0,1.857,4.2
4,35,0.01,1,0,1.561,6.3
4,36,0.01,1,0,1.526,4.2
4,37,0.01,1,0,1.364,4.5
4,38,0.01,1,0,1.658,4.2
4,39,0.01,1,0,1.783,3.9
4,40,0.01,1,0,1.746,3.9
4,41,0.01,1,0,1.841,3.9
4,42,0.01,1,0,1.424,4.5
4,43,0.01,1,0,1.904,4.2
4,44,0.01,1,0,1.478,5.1
4,45,0.01,1,0,1.689,3.9
4,46,0.01,1,0,1.336,4.8
4,47,0.01,1,0,2.1,4.8
4,48,0.01,1,0,1.2,4.8
4,49,0.01,1,0,1.313,6.6
5,0,0.01,1,0,1.324,5.1
5,1,0.01,1,0,1.37,5.7
5,2,0.01,1,0,1.939,4.8
5,3,0.01,1,0,1.801,4.2
5,4,0.01,1,0,1.903,4.2
5,5,0.01,1,0,1.607,5.1
5,6,0.01,1,0,1.151,4.8
5,7,0.01,1,0,1.548,3.9
5,8,0.01,1,0,1.814,3.9
5,9,0.01,1,0,1.936,4.2
5,10,0.01,1,0,1.075,5.1
5,11,0.01,1,0,1.719,4.2
5,12,0.01,1,0,1.504,4.5
5,13,0.01,1,0,1.597,5.7
5,14,0.01,1,0,1.402,5.1
5,15,0.01,1,0,1.51,3.9
5,16,0.01,1,0,1.698,3.9
5,17,0.01,1,0,2.114,5.1
5,18,0.01,1,0,1.541,4.5
5,19,0.01,1,0,1.32,4.5
5,20,0.01,1,0,1.15,6.0
5,21,0.01,1,0,1.653,4.2
5,22,0.01,1,0,1.434,4.8
5,23,0.01,1,0,1.665,4.2
5,24,0.01,1,0,1.619,4.2
5,25,0.01,1,0,1.49,4.5
5,26,0.01,1,0,1.583,4.5
5,27,0.01,1,0,1.622,4.2
5,28,0.01,1,0,1.637,3.9
5,29,0.01,1,0,1.634,4.5
5,30,0.01,1,0,1.429,5.4
5,31,0.01,1,0,2.2,5.1
5,32,0.01,1,0,1.223,5.1
5,33,0.01,1,0,1.601,4.5
5,34,0.01,1,0,1.572,3.9
5,35,0.01,1,0,1.362,4.8
5,36,0.01,1,0,1.406,6.0
5,37,0.01,1,0,1.616,4.2
5,38,0.01,1,0,1.006,4.8
5,39,0.01,1,0,1.964,4.5
5,40,0.01,1,0,1.101,4.8
5,41,0.01,1,0,1.843,4.2
5,42,0.01,1,0,1.862,4.2
5,43,0.01,1,0,1.175,6.0
5,44,0.01,1,0,1.444,4.2
5,45,0.01,1,0,1.965,3.9
5,46,0.01,1,0,1.358,6.6
5,47,0.01,1,0,1.11,5.1
5,48,0.01,1,0,1.071,3.9
5,49,0.01,1,0,1.93,4.2
6,0,0.01,1,0,2.126,5.1
6,1,0.01,1,0,1.417,5.4
6,2,0.01,1,0,1.768,3.9
6,3,0.01,1,0,1.769,3.9
6,4,0.01,1,0,1.378,5.1
6,5,0.01,1,0,1.755,3.9
6,6,0.01,1,0,1.49,5.7
6,7,0.01,1,0,1.08,5.1
6,8,0.01,1,0,1.875,3.9
6,9,0.01,1,0,1.457,5.1
6,10,0.01,1,0,1.767,5.1
6,11,0.01,1,0,2.02,5.1
6,12,0.01,1,0,2.002,5.1
6,13,0.01,1,0,1.593,4.2
6,14,0.01,1,0,1.766,4.8
6,15,0.01,1,0,1.448,3.9
6,16,0.01,1,0,1.775,4.5
6,17,0.01,1,0,1.599,4.2
6,18,0.01,1,0,1.394,5.1
6,19,0.01,1,0,2.136,5.1
6,20,0.01,1,0,1.679,5.4
6,21,0.01,1,0,1.336,5.1
6,22,0.01,1,0,1.981,3.9
6,23,0.01,1,0,1.785,3.9
6,24,0.01,1,0,1.446,6.9
6,25,0.01,1,0,1.551,3.9
6,26,0.01,1,0,1.77,5.1
6,27,0.01,1,0,2.039,4.5
6,28,0.01,1,0,1.137,4.8
6,29,0.01,1,0,1.243,4.8
6,30,0.01,1,0,1.686,5.1
6,31,0.01,1,0,2.183,5.1
6,32,0.01,1,0,1.801,6.0
6,33,0.01,1,0,1.357,4.8
6,34,0.01,1,0,1.814,3.9
6,35,0.01,1,0,1.1,5.1
6,36,0.01,1,0,1.63,5.1
6,37,0.01,1,0,1.766,3.9
6,38,0.01,1,0,1.454,4.5
6,39,0.01,1,0,1.617,4.5
6,40,0.01,1,0,1.434,3.9
6,41,0.01,1,0,1.461,4.8
6,42,0.01,1,0,1.571,3.9
6,43,0.01,1,0,1.86,4.5
6,44,0.01,1,0,2.114,4.2
6,45,0.01,1,0,1.615,4.5
6,46,0.01,1,0,1.653,5.4
6,47,0.01,1,0,2.076,4.8
6,48,0.01,1,0,1.627,3.9
6,49,0.01,1,0,1.59,4.8
7,0,0.01,1,0,1.478,6.0
7,1,0.01,1,0,1.149,6.3
7,2,0.01,1,0,1.455,4.5
7,3,0.01,1,0,1.47,4.2
7,4,0.01,1,0,1.901,3.9
7,5,0.01,1,0,1.365,5.1
7,6,0.01,1,0,1.121,6.0
7,7,0.01,1,0,1.814,4.2
7,8,0.01,1,0,1.991,4.2
7,9,0.01,1,0,1.365,5.1
7,10,0.01,1,0,1.531,4.8
7,11,0.01,1,0,1.77,3.9
7,12,0.01,1,0,1.465,5.1
7,13,0.01,1,0,1.353,4.8
7,14,0.01,1,0,1.624,5.1
7,15,0.01,1,0,1.55,5.4
7,16,0.01,1,0,1.625,4.8
7,17,0.01,1,0,1.2,5.4
7,18,0.01,1,0,1.14,4.8
7,19,0.01,1,0,2.65,4.5
7,20,0.01,1,0,1.226,5.1
7,21,0.01,1,0,1.711,4.2
7,22,0.01,1,0,1.781,4.2
7,23,0.01,1,0,1.727,3.9
7,24,0.01,1,0,2.194,5.1
7,25,0.01,1,0,1.264,5.4
7,26,0.01,1,0,1.687,5.4
7,27,0.01,1,0,1.692,3.9
7,28,0.01,1,0,1.546,3.9
7,29,0.01,1,0,2.07,4.5
7,30,0.01,1,0,1.77,3.9
7,31,0.01,1,0,1.283,4.5
7,32,0.01,1,0,1.29,4.5
7,33,0.01,1,0,1.068,5.1
7,34,0.01,1,0,1.258,4.5
7,35,0.01,1,0,1.326,5.4
7,36,0.01,1,0,1.214,8.7
7,37,0.01,1,0,1.307,5.1
7,38,0.01,1,0,2.02,4.2
7,39,0.01,1,0,1.16,5.1
7,40,0.01,1,0,1.268,5.7
7,41,0.01,1,0,1.62,4.5
7,42,0.01,1,0,1.411,5.4
7,43,0.01,1,0,1.648,3.9
7,44,0.01,1,0,1.471,3.9
7,45,0.01,1,0,1.189,4.8
7,46,0.01,1,0,2.226,4.2
7,47,0.01,1,0,1.568,4.5
7,48,0.01,1,0,1.373,5.1
7,49,0.01,1,0,1.293,5.1
8,0,0.01,1,0,1.563,4.2
8,1,0.01,1,0,1.134,5.1
8,2,0.01,1,0,1.608,3.9
8,3,0.01,1,0,1.315,5.1
8,4,0.01,1,0,1.612,3.9
8,5,0.01,1,0,1.343,5.1
8,6,0.01,1,0,1.237,5.1
8,7,0.01,1,0,1.355,4.8
8,8,0.01,1,0,1.113,5.4
8,9,0.01,1,0,2.061,3.9
8,10,0.01,1,0,1.754,3.9
8,11,0.01,1,0,1.394,4.8
8,12,0.01,1,0,1.861,4.2
8,13,0.01,1,0,1.526,4.8
8,14,0.01,1,0,1.805,3.9
8,15,0.01,1,0,2.086,4.8
8,16,0.01,1,0,1.1,4.8
8,17,0.01,1,0,1.799,5.4
8,18,0.01,1,0,1.354,5.1
8,19,0.01,1,0,1.408,5.1
8,20,0.01,1,0,1.317,5.1
8,21,0.01,1,0,1.913,5.1
8,22,0.01,1,0,1.68,5.1
8,23,0.01,1,0,1.758,4.5
8,24,0.01,1,0,1.833,3.9
8,25,0.01,1,0,2.04,5.1
8,26,0.01,1,0,1.69,4.5
8,27,0.01,1,0,1.772,4.2
8,28,0.01,1,0,1.25,4.8
8,29,0.01,1,0,1.452,5.1
8,30,0.01,1,0,1.585,4.2
8,31,0.01,1,0,1.27,6.0
8,32,0.01,1,0,1.356,4.8
8,33,0.01,1,0,1.37,5.7
8,34,0.01,1,0,2.171,5.4
8,35,0.01,1,0,1.546,4.5
8,36,0.01,1,0,1.819,3.9
8,37,0.01,1,0,2.126,4.8
8,38,0.01,1,0,1.718,3.9
8,39,0.01,1,0,1.465,4.5
8,40,0.01,1,0,1.276,4.2
8,41,0.01,1,0,1.518,6.3
8,42,0.01,1,0,1.085,5.1
8,43,0.01,1,0,1.63,4.5
8,44,0.01,1,0,1.524,3.9
8,45,0.01,1,0,1.316,4.8
8,46,0.01,1,0,1.558,4.5
8,47,0.01,1,0,1.717,4.2
9,0,0.01,1,0,1.859,4.2
9,1,0.01,1,0,1.431,4.8
9,2,0.01,1,0,1.423,5.1
9,3,0.01,1,0,1.533,4.5
9,4,0.01,1,0,1.876,3.9
9,5,0.01,1,0,1.699,4.2
9,6,0.01,1,0,1.231,4.5
9,7,0.01,1,0,1.747,5.1
9,8,0.01,1,0,1.558,3.9
9,9,0.01,1,0,1.779,4.8
9,10,0.01,1,0,1.41,5.7
9,11,0.01,1,0,1.969,3.9
9,12,0.01,1,0,1.575,5.4
9,13,0.01,1,0,1.283,5.1
9,14,0.01,1,0,1.434,4.8
9,15,0.01,1,0,1.894,5.1
9,16,0.01,1,0,1.438,5.4
9,17,0.01,1,0,1.81,4.5
9,18,0.01,1,0,1.494,3.9
9,19,0.01,1,0,1.805,4.2
9,20,0.01,1,0,1.165,4.8
9,21,0.01,1,0,1.425,5.1
9,22,0.01,1,0,1.179,6.3
9,23,0.01,1,0,1.333,6.9
9,24,0.01,1,0,1.844,4.2
9,25,0.01,1,0,1.589,3.9
9,26,0.01,1,0,1.577,5.1
9,27,0.01,1,0,1.64,4.2
9,28,0.01,1,0,1.519,3.9
9,29,0.01,1,0,1.194,5.1
9,30,0.01,1,0,1.66,3.9
9,31,0.01,1,0,1.096,5.4
9,32,0.01,1,0,1.742,4.2
9,33,0.01,1,0,1.235,5.1
9,34,0.01,1,0,4.423,3.6
9,35,0.01,1,0,1.56,4.8
9,36,0.01,1,0,1.576,4.5
9,37,0.01,1,0,1.072,5.1
9,38,0.01,1,0,1.362,4.5
9,39,0.01,1,0,1.715,3.9
9,40,0.01,1,0,1.794,3.9
9,41,0.01,1,0,1.557,3.9
9,42,0.01,1,0,1.607,4.8
9,43,0.01,1,0,1.705,5.4
9,44,0.01,1,0,1.545,4.5
9,45,0.01,1,0,1.468,4.8
9,46,0.01,1,0,1.261,5.1
9,47,0.01,1,0,1.274,3.9
9,48,0.01,1,0,1.302,4.8
9,49,0.01,1,0,1.505,4.5
10,0,0.01,1,0,1.874,4.5
10,1,0.01,1,0,1.465,4.8
10,2,0.01,1,0,1.492,3.9
10,3,0.01,1,0,1.548,5.4
10,4,0.01,1,0,1.616,3.9
10,5,0.01,1,0,2.098,4.8
10,6,0.01,1,0,1.469,4.2
10,7,0.01,1,0,1.526,3.9
10,8,0.01,1,0,1.435,3.9
10,9,0.01,1,0,1.506,3.9
10,10,0.01,1,0,1.197,5.1
10,11,0.01,1,0,1.607,4.5
10,12,0.01,1,0,1.784,3.9
10,13,0.01,1,0,1.548,3.9
10,14,0.01,1,0,1.57,4.5
10,15,0.01,1,0,1.48,5.1
10,16,0.01,1,0,1.697,3.9
10,17,0.01,1,0,1.418,4.5
10,18,0.01,1,0,1.236,4.2
10,19,0.01,1,0,1.61,4.8
10,20,0.01,1,0,2.224,4.5
10,21,0.01,1,0,1.306,5.4
10,22,0.01,1,0,1.526,4.5
10,23,0.01,1,0,1.072,6.9
10,24,0.01,1,0,1.836,4.2
10,25,0.01,1,0,1.785,3.9
10,26,0.01,1,0,1.465,4.8
10,27,0.01,1,0,1.207,5.4
10,28,0.01,1,0,1.556,3.9
10,29,0.01,1,0,1.548,5.1
10,30,0.01,1,0,1.652,5.1
10,31,0.01,1,0,1.127,5.1
10,32,0.01,1,0,1.748,3.9
10,33,0.01,1,0,1.442,4.5
10,34,0.01,1,0,1.518,5.7
10,35,0.01,1,0,1.732,6.6
10,36,0.01,1,0,1.695,3.9
10,37,0.01,1,0,1.652,4.5
10,38,0.01,1,0,1.411,4.8
10,39,0.01,1,0,1.097,5.1
10,40,0.01,1,0,1.339,5.1
10,41,0.01,1,0,1.38,5.1
10,42,0.01,1,0,2.2,4.8
10,43,0.01,1,0,1.104,5.1
10,44,0.01,1,0,1.637,4.2
10,45,0.01,1,0,1.69,3.9
10,46,0.01,1,0,1.391,4.2
10,47,0.01,1,0,1.115,5.1
10,48,0.01,1,0,1.584,4.5
10,49,0.01,1,0,1.895,3.9
11,0,0.01,1,0,2.477,5.1
11,1,0.01,1,0,1.772,3.9
11,2,0.01,1,0,2.212,4.5
11,3,0.01,1,0,1.809,4.2
11,4,0.01,1,0,2.043,6.9
11,5,0.01,1,0,1.76,4.2
11,6,0.01,1,0,1.67,5.1
11,7,0.01,1,0,1.468,5.1
11,8,0.01,1,0,2.068,5.1
11,9,0.01,1,0,1.459,4.5
11,10,0.01,1,0,1.723,5.4
11,11,0.01,1,0,1.439,3.9
11,12,0.01,1,0,1.299,4.8
11,13,0.01,1,0,1.649,3.9
11,14,0.01,1,0,1.447,3.9
11,15,0.01,1,0,1.814,4.2
11,16,0.01,1,0,1.548,4.5
11,17,0.01,1,0,2.258,4.8
11,18,0.01,1,0,1.562,5.1
11,19,0.01,1,0,1.881,3.9
11,20,0.01,1,0,1.803,5.1
11,21,0.01,1,0,1.853,4.8
11,22,0.01,1,0,1.71,3.9
11,23,0.01,1,0,2.031,3.9
11,24,0.01,1,0,2.462,5.7
11,25,0.01,1,0,1.519,6.6
11,26,0.01,1,0,1.514,4.8
11,27,0.01,1,0,1.556,4.5
11,28,0.01,1,0,1.476,3.9
11,29,0.01,1,0,1.698,4.2
11,30,0.01,1,0,1.429,5.1
11,31,0.01,1,0,1.385,4.5
11,32,0.01,1,0,2.051,4.8
11,33,0.01,1,0,1.315,7.2
11,34,0.01,1,0,1.915,3.9
11,35,0.01,1,0,1.619,3.9
11,36,0.01,1,0,1.218,5.4
11,37,0.01,1,0,1.869,3.9
11,38,0.01,1,0,1.418,5.1
11,39,0.01,1,0,1.802,3.9
11,40,0.01,1,0,1.083,4.8
11,41,0.01,1,0,1.969,4.2
11,42,0.01,1,0,1.342,5.1
11,43,0.01,1,0,2.123,5.1
11,44,0.01,1,0,1.601,3.9
11,45,0.01,1,0,1.341,4.8
11,46,0.01,1,0,1.251,6.0
11,47,0.01,1,0,1.24,5.4
11,48,0.01,1,0,1.546,3.9
11,49,0.01,1,0,0.926,6.0
12,0,0.01,1,0,1.67,6.0
12,1,0.01,1,0,1.571,5.1
12,2,0.01,1,0,1.291,6.0
12,3,0.01,1,0,1.421,5.1
12,4,0.01,1,0,1.082,5.1
12,5,0.01,1,0,1.512,4.2
12,6,0.01,1,0,1.367,4.5
12,7,0.01,1,0,1.095,5.1
12,8,0.01,1,0,1.116,5.1
12,9,0.01,1,0,1.82,5.1
12,10,0.01,1,0,1.416,4.2
12,11,0.01,1,0,1.852,3.9
12,12,0.01,1,0,1.328,5.1
12,13,0.01,1,0,1.517,4.2
12,14,0.01,1,0,2.025,4.2
12,15,0.01,1,0,1.806,3.9
12,16,0.01,1,0,1.67,4.5
12,17,0.01,1,0,1.921,4.8
12,18,0.01,1,0,1.456,4.5
12,19,0.01,1,0,1.313,4.5
12,20,0.01,1,0,1.697,5.1
12,21,0.01,1,0,1.355,5.7
12,22,0.01,1,0,1.282,4.8
12,23,0.01,1,0,1.209,8.4
12,24,0.01,1,0,1.856,3.9
12,25,0.01,1,0,1.968,3.9
12,26,0.01,1,0,1.244,4.8
12,27,0.01,1,0,1.515,4.5
12,28,0.01,1,0,1.797,3.9
12,29,0.01,1,0,1.442,4.8
12,30,0.01,1,0,1.3,6.3
12,31,0.01,1,0,1.759,3.9
12,32,0.01,1,0,1.7,4.8
12,33,0.01,1,0,1.748,4.2
12,34,0.01,1,0,1.089,8.1
12,35,0.01,1,0,2.232,5.1
12,36,0.01,1,0,1.462,4.5
12,37,0.01,1,0,1.438,5.4
12,38,0.01,1,0,1.8,4.5
12,39,0.01,1,0,1.52,4.5
12,40,0.01,1,0,1.282,5.4
12,41,0.01,1,0,1.207,5.4
12,42,0.01,1,0,1.781,5.4
12,43,0.01,1,0,1.402,5.1
12,44,0.01,1,0,1.806,3.9
12,45,0.01,1,0,1.244,4.8
12,46,0.01,1,0,1.678,5.1
12,47,0.01,1,0,1.441,5.1
12,48,0.01,1,0,1.382,5.1
12,49,0.01,1,0,1.543,5.1
13,0,0.01,1,0,1.37,5.4
13,1,0.01,1,0,1.912,3.9
13,2,0.01,1,0,1.397,5.4
13,3,0.01,1,0,1.238,5.1
13,4,0.01,1,0,1.88,3.9
13,5,0.01,1,0,1.565,5.4
13,6,0.01,1,0,1.485,4.2
13,7,0.01,1,0,2.079,4.5
13,8,0.01,1,0,1.053,5.1
13,9,0.01,1,0,1.637,4.8
13,10,0.01,1,0,1.613,3.9
13,11,0.01,1,0,2.471,4.2
13,12,0.01,1,0,1.687,4.5
13,13,0.01,1,0,1.985,5.1
13,14,0.01,1,0,1.221,3.9
13,15,0.01,1,0,1.393,4.5
13,16,0.01,1,0,1.539,4.5
13,17,0.01,1,0,1.47,4.8
13,18,0.01,1,0,2.181,5.1
13,19,0.01,1,0,1.751,3.9
13,20,0.01,1,0,1.534,6.3
13,21,0.01,1,0,1.669,3.9
13,22,0.01,1,0,1.998,3.9
13,23,0.01,1,0,0.961,5.4
13,24,0.01,1,0,1.672,3.9
13,25,0.01,1,0,1.478,4.8
13,26,0.01,1,0,1.542,3.9
13,27,0.01,1,0,2.189,4.8
13,28,0.01,1,0,1.458,4.8
13,29,0.01,1,0,1.801,5.1
13,30,0.01,1,0,1.595,5.4
13,31,0.01,1,0,2.222,3.9
13,32,0.01,1,0,1.07,5.1
13,33,0.01,1,0,1.797,4.8
13,34,0.01,1,0,1.54,4.2
13,35,0.01,1,0,1.165,4.5
13,36,0.01,1,0,1.42,3.9
13,37,0.01,1,0,1.369,3.9
13,38,0.01,1,0,1.482,5.4
13,39,0.01,1,0,1.927,4.8
13,40,0.01,1,0,1.362,5.4
13,41,0.01,1,0,1.39,6.6
13,42,0.01,1,0,1.138,4.8
13,43,0.01,1,0,1.585,5.4
13,44,0.01,1,0,1.384,3.9
13,45,0.01,1,0,1.773,4.2
13,46,0.01,1,0,1.542,5.4
13,47,0.01,1,0,1.856,4.5
13,48,0.01,1,0,1.677,3.9
13,49,0.01,1,0,1.465,4.2
14,0,0.01,1,0,1.604,4.2
14,1,0.01,1,0,2.153,5.1
14,2,0.01,1,0,1.21,6.6
14,3,0.01,1,0,2.371,3.9
14,4,0.01,1,0,1.814,3.9
14,5,0.01,1,0,2.144,5.1
14,6,0.01,1,0,1.984,3.9
14,7,0.01,1,0,1.329,4.2
14,8,0.01,1,0,2.056,3.9
14,9,0.01,1,0,1.405,3.9
14,10,0.01,1,0,1.581,6.0
14,11,0.01,1,0,1.642,3.9
14,12,0.01,1,0,1.203,6.0
14,13,0.01,1,0,1.384,3.6
14,14,0.01,1,0,1.56,5.1
14,15,0.01,1,0,1.883,4.8
14,16,0.01,1,0,1.455,3.9
14,17,0.01,1,0,1.118,4.8
14,18,0.01,1,0,1.415,4.8
14,19,0.01,1,0,1.422,4.5
14,20,0.01,1,0,1.801,4.5
14,21,0.01,1,0,1.471,4.8
14,22,0.01,1,0,1.795,3.9
14,23,0.01,1,0,1.099,5.7
14,24,0.01,1,0,1.361,4.5
14,25,0.01,1,0,1.434,5.1
14,26,0.01,1,0,1.814,4.2
14,27,0.01,1,0,1.79,4.2
14,28,0.01,1,0,1.563,4.5
14,29,0.01,1,0,1.508,3.9
14,30,0.01,1,0,1.641,4.5
14,31,0.01,1,0,1.285,5.4
14,32,0.01,1,0,1.804,4.2
14,33,0.01,1,0,1.605,5.1
14,34,0.01,1,0,1.469,4.8
14,35,0.01,1,0,2.248,4.8
14,36,0.01,1,0,1.752,3.9
14,37,0.01,1,0,1.733,3.9
14,38,0.01,1,0,1.144,4.8
14,39,0.01,1,0,1.378,6.0
14,40,0.01,1,0,1.439,4.5
14,41,0.01,1,0,1.197,5.1
14,42,0.01,1,0,1.859,3.9
14,43,0.01,1,0,1.566,5.7
14,44,0.01,1,0,1.784,5.1
14,45,0.01,1,0,2.042,3.9
14,46,0.01,1,0,2.428,4.5
14,47,0.01,1,0,1.842,3.9
14,48,0.01,1,0,1.919,5.4
14,49,0.01,1,0,1.716,4.8
15,0,0.01,1,0,1.28,5.4
15,1,0.01,1,0,1.418,5.1
15,2,0.01,1,0,1.181,5.4
15,3,0.01,1,0,1.7,4.8
15,4,0.01,1,0,1.781,4.8
15,5,0.01,1,0,1.562,4.5
15,6,0.01,1,0,1.593,4.8
15,7,0.01,1,0,1.438,4.2
15,8,0.01,1,0,2.24,3.9
15,9,0.01,1,0,1.831,4.2
15,10,0.01,1,0,2.16,5.1
15,11,0.01,1,0,2.261,5.1
15,12,0.01,1,0,1.66,4.5
15,13,0.01,1,0,1.688,4.8
15,14,0.01,1,0,1.256,5.4
15,15,0.01,1,0,1.499,5.4
15,16,0.01,1,0,1.535,4.5
15,17,0.01,1,0,2.188,3.6
15,18,0.01,1,0,1.454,3.9
15,19,0.01,1,0,1.479,5.4
15,20,0.01,1,0,1.543,4.2
15,21,0.01,1,0,1.472,5.7
15,22,0.01,1,0,1.401,5.4
15,23,0.01,1,0,1.847,3.9
15,24,0.01,1,0,1.609,3.9
15,25,0.01,1,0,1.86,3.9
15,26,0.01,1,0,1.447,3.9
15,27,0.01,1,0,1.736,3.9
15,28,0.01,1,0,1.388,5.4
15,29,0.01,1,0,1.231,6.3
15,30,0.01,1,0,1.648,4.2
15,31,0.01,1,0,1.607,6.9
15,32,0.01,1,0,1.154,5.7
15,33,0.01,1,0,1.929,4.2
15,34,0.01,1,0,1.358,6.9
15,35,0.01,1,0,1.516,6.0
15,36,0.01,1,0,2.152,5.1
15,37,0.01,1,0,2.091,4.8
15,38,0.01,1,0,2.331,4.8
15,39,0.01,1,0,1.548,4.5
15,40,0.01,1,0,1.167,5.1
15,41,0.01,1,0,1.427,5.1
15,42,0.01,1,0,1.807,5.4
15,43,0.01,1,0,1.93,3.9
15,44,0.01,1,0,1.285,5.1
15,45,0.01,1,0,1.585,4.5
15,46,0.01,1,0,1.305,6.3
15,47,0.01,1,0,1.46,5.1
15,48,0.01,1,0,1.951,5.1
15,49,0.01,1,0,1.283,5.4
16,0,0.01,1,0,1.442,5.1
16,1,0.01,1,0,1.269,4.8
16,2,0.01,1,0,1.704,4.8
16,3,0.01,1,0,1.551,5.4
16,4,0.01,1,0,1.414,5.1
16,5,0.01,1,0,2.363,5.4
16,6,0.01,1,0,2.487,4.5
16,7,0.01,1,0,1.677,3.9
16,8,0.01,1,0,1.295,5.1
16,9,0.01,1,0,1.936,4.8
16,10,0.01,1,0,1.538,4.8
16,11,0.01,1,0,1.174,5.7
16,12,0.01,1,0,1.908,3.9
16,13,0.01,1,0,1.457,4.5
16,14,0.01,1,0,1.308,4.8
16,15,0.01,1,0,1.443,4.8
16,16,0.01,1,0,1.403,4.8
16,17,0.01,1,0,1.757,3.9
16,18,0.01,1,0,1.515,4.8
16,19,0.01,1,0,2.363,4.2
16,20,0.01,1,0,1.711,3.9
16,21,0.01,1,0,1.772,5.4
16,22,0.01,1,0,1.159,4.8
16,23,0.01,1,0,1.387,3.9
16,24,0.01,1,0,1.387,5.1
16,25,0.01,1,0,1.475,4.5
16,26,0.01,1,0,2.384,4.8
16,27,0.01,1,0,1.447,5.4
16,28,0.01,1,0,1.469,3.9
16,29,0.01,1,0,1.364,3.9
16,30,0.01,1,0,1.617,4.2
16,31,0.01,1,0,1.305,5.4
16,32,0.01,1,0,1.5,4.8
16,33,0.01,1,0,1.348,5.1
16,34,0.01,1,0,1.51,4.8
16,35,0.01,1,0,1.622,3.9
16,36,0.01,1,0,1.539,3.9
16,37,0.01,1,0,1.627,3.9
16,38,0.01,1,0,1.602,3.9
16,39,0.01,1,0,1.529,4.2
16,40,0.01,1,0,1.226,4.5
16,41,0.01,1,0,1.43,5.4
16,42,0.01,1,0,1.914,4.2
16,43,0.01,1,0,0.975,4.2
16,44,0.01,1,0,1.416,5.1
16,45,0.01,1,0,1.671,3.9
16,46,0.01,1,0,1.562,3.9
16,47,0.01,1,0,2.336,4.8
16,48,0.01,1,0,1.56,4.8
16,49,0.01,1,0,2.714,4.8
