seed,mode,reached,collided,hit_ped,hit_veh,hit_animal,hit_static,min_clr,ped_clr,veh_clr,animal_clr,static_clr,astar_fail,t_goal
0,ego,True,False,False,False,False,False,0.352,2.960,,2.810,0.350,0,12.6
0,ours,True,False,False,False,False,False,0.352,2.960,,2.810,0.350,0,12.6
1,ego,True,False,False,False,False,False,0.422,0.440,,0.730,0.420,0,13.9
1,ours,True,False,False,False,False,False,0.458,2.510,,1.940,0.460,0,14.0
2,ego,True,False,False,False,False,False,0.583,0.580,23.760,5.030,1.170,0,13.0
2,ours,True,False,False,False,False,False,1.166,1.630,23.760,6.610,1.170,0,13.4
3,ego,True,False,False,False,False,False,0.210,0.210,14.180,3.980,0.400,0,14.9
3,ours,True,False,False,False,False,False,0.234,1.570,14.180,3.230,0.230,0,15.3
4,ego,True,False,False,False,False,False,0.563,0.560,,0.750,3.590,0,15.7
4,ours,True,False,False,False,False,False,1.435,1.670,,2.360,1.430,0,15.6
5,ego,False,True,False,False,False,True,-0.099,11.630,9.350,25.610,-0.100,1,infs
5,ours,False,True,False,False,False,True,-0.029,11.050,9.150,24.940,-0.030,676,infs
6,ego,False,True,False,True,False,False,-0.130,11.300,-0.130,,9.100,0,infs
6,ours,False,True,False,True,False,False,-0.071,9.970,-0.070,,8.760,213,infs
7,ego,True,False,False,False,False,False,0.697,0.700,26.590,2.670,11.840,0,15.8
7,ours,True,False,False,False,False,False,0.870,0.870,23.250,1.780,7.010,0,16.2
8,ego,True,False,False,False,False,False,0.816,0.820,28.920,3.230,0.830,0,14.3
8,ours,True,False,False,False,False,False,0.551,0.550,,6.350,1.110,245,17.6
9,ego,True,False,False,False,False,False,0.169,1.110,4.180,2.230,0.170,0,15.2
9,ours,True,False,False,False,False,False,0.333,0.990,3.780,3.110,0.330,0,15.3
10,ego,True,False,False,False,False,False,0.174,0.170,21.940,2.850,0.310,0,14.3
10,ours,True,False,False,False,False,False,0.310,1.300,21.940,2.850,0.310,0,14.4
11,ego,True,False,False,False,False,False,0.313,1.160,6.600,1.970,0.310,0,15.4
11,ours,True,False,False,False,False,False,0.400,1.530,8.890,2.970,0.400,216,15.6
12,ego,True,False,False,False,False,False,0.343,0.400,,1.510,0.340,0,14.4
12,ours,True,False,False,False,False,False,0.358,1.840,,3.030,0.360,430,15.1
13,ego,True,False,False,False,False,False,0.164,0.160,6.440,5.000,0.280,0,14.3
13,ours,True,False,False,False,False,False,0.156,2.100,6.440,1.620,0.160,0,14.6
14,ego,True,False,False,False,False,False,0.371,1.670,17.130,1.380,0.370,0,15.0
14,ours,True,False,False,False,False,False,0.303,1.670,19.400,1.660,0.300,717,16.1
15,ego,False,True,False,False,False,True,-0.424,3.610,26.140,4.530,-0.420,0,infs
15,ours,False,True,False,False,False,True,-0.429,1.880,27.770,5.500,-0.430,0,infs
16,ego,True,False,False,False,False,False,0.798,0.940,,4.280,0.800,0,15.6
16,ours,True,False,False,False,False,False,0.798,1.250,,4.280,0.800,0,15.6
17,ego,True,False,False,False,False,False,0.308,0.430,,2.940,0.310,0,13.4
17,ours,True,False,False,False,False,False,0.051,0.050,,4.530,0.110,0,14.4
18,ego,True,False,False,False,False,False,0.258,0.810,9.650,4.130,0.260,0,14.4
18,ours,True,False,False,False,False,False,0.409,1.480,9.650,2.260,0.410,0,14.4
19,ego,True,False,False,False,False,False,2.163,2.930,,2.160,6.680,0,12.3
19,ours,True,False,False,False,False,False,2.141,2.930,,2.140,6.680,0,12.3
20,ego,True,False,False,False,False,False,0.760,0.760,,3.940,1.740,0,15.1
20,ours,True,False,False,False,False,False,1.017,1.520,,3.810,1.020,0,15.7
21,ego,True,False,False,False,False,False,0.450,5.010,1.070,2.850,0.450,0,14.6
21,ours,True,False,False,False,False,False,0.478,1.950,3.060,7.580,0.480,0,16.1
22,ego,True,False,False,False,False,False,0.208,1.530,17.200,3.410,0.210,0,15.7
22,ours,True,False,False,False,False,False,0.208,2.200,17.230,3.750,0.210,0,15.8
23,ego,True,False,False,False,False,False,0.805,1.560,18.520,4.840,0.800,0,14.0
23,ours,True,False,False,False,False,False,0.440,1.550,19.140,4.840,0.440,0,13.9
24,ego,True,False,False,False,False,False,0.172,0.740,23.250,6.040,0.170,0,15.3
24,ours,True,False,False,False,False,False,0.338,1.370,23.660,3.560,0.340,249,15.1
25,ego,False,True,False,False,False,True,-0.086,11.770,,19.770,-0.090,0,infs
25,ours,True,False,False,False,False,False,0.363,1.630,13.390,4.370,0.360,0,15.0
26,ego,True,False,False,False,False,False,0.270,1.130,8.400,8.360,0.270,0,15.3
26,ours,True,False,False,False,False,False,0.295,1.910,2.240,1.500,0.300,215,17.6
27,ego,True,False,False,False,False,False,0.450,2.000,,0.660,0.450,0,15.7
27,ours,True,False,False,False,False,False,0.510,1.780,,1.660,0.510,0,15.8
28,ego,True,False,False,False,False,False,0.022,0.020,,1.890,0.280,0,13.0
28,ours,True,False,False,False,False,False,1.289,1.330,,10.430,1.290,0,15.4
29,ego,True,False,False,False,False,False,0.277,0.620,0.540,2.650,0.280,0,15.5
29,ours,True,False,False,False,False,False,0.115,1.890,0.120,2.170,0.350,0,16.1
30,ego,True,False,False,False,False,False,0.350,0.400,,3.680,0.350,0,14.8
30,ours,True,False,False,False,False,False,0.350,1.460,,3.790,0.350,0,14.7
31,ego,False,True,False,False,False,True,-0.261,2.390,5.770,8.530,-0.260,0,infs
31,ours,True,False,False,False,False,False,0.310,2.290,5.770,1.880,0.310,0,14.6
32,ego,False,True,False,False,False,True,-0.232,0.560,5.560,10.600,-0.230,0,infs
32,ours,True,False,False,False,False,False,0.110,1.170,5.660,1.480,0.110,179,14.3
33,ego,True,False,False,False,False,False,0.314,2.070,,3.100,0.310,0,15.3
33,ours,True,False,False,False,False,False,0.314,2.070,,3.100,0.310,0,15.3
34,ego,True,False,False,False,False,False,0.284,0.790,26.770,5.120,0.280,0,14.6
34,ours,True,False,False,False,False,False,0.297,1.850,26.770,6.260,0.300,0,14.6
35,ego,True,False,False,False,False,False,0.301,0.300,2.530,0.500,0.360,0,15.5
35,ours,False,True,False,False,False,True,-0.033,1.300,27.260,25.790,-0.030,0,infs
36,ego,True,False,False,False,False,False,0.336,0.450,24.200,5.350,0.340,0,13.6
36,ours,True,False,False,False,False,False,0.992,0.990,24.840,4.930,1.540,0,14.3
37,ego,False,True,False,False,False,True,-0.098,2.430,3.630,6.140,-0.100,0,infs
37,ours,True,False,False,False,False,False,0.406,1.770,3.630,2.810,0.410,0,13.8
38,ego,True,False,False,False,False,False,0.221,2.120,24.560,0.220,0.260,0,15.6
38,ours,True,False,False,False,False,False,0.255,1.210,24.560,2.680,0.260,0,16.0
39,ego,True,False,False,False,False,False,0.296,1.050,13.340,5.290,0.300,0,14.8
39,ours,True,False,False,False,False,False,0.242,2.040,12.510,0.590,0.240,429,16.6
40,ego,True,False,False,False,False,False,0.537,0.580,21.370,3.020,0.540,0,14.4
40,ours,False,True,False,False,False,True,-0.116,1.080,,23.100,-0.120,0,infs
41,ego,False,True,False,False,False,True,-0.152,0.690,,4.200,-0.150,0,infs
41,ours,True,False,False,False,False,False,0.342,1.270,26.070,4.200,0.340,0,14.5
42,ego,True,False,False,False,False,False,0.150,0.510,7.620,3.340,0.150,129,14.3
42,ours,True,False,False,False,False,False,0.122,1.430,7.620,5.650,0.120,0,14.6
43,ego,True,False,False,False,False,False,1.144,3.790,17.050,3.840,1.140,0,13.3
43,ours,True,False,False,False,False,False,1.144,3.790,17.050,3.840,1.140,0,13.3
44,ego,True,False,False,False,False,False,0.496,0.500,7.460,2.320,0.500,0,14.6
44,ours,True,False,False,False,False,False,0.467,1.960,8.990,9.500,0.470,0,14.7
45,ego,False,True,False,False,False,True,-0.086,11.770,,19.770,-0.090,0,infs
45,ours,True,False,False,False,False,False,0.342,1.900,13.400,2.000,0.340,0,14.8
46,ego,True,False,False,False,False,False,0.362,2.570,,1.420,0.360,0,12.0
46,ours,True,False,False,False,False,False,0.362,2.090,,2.340,0.360,0,12.2
47,ego,True,False,False,False,False,False,0.125,1.460,0.230,0.240,0.120,0,15.7
47,ours,True,False,False,False,False,False,0.154,1.420,0.150,1.820,0.480,0,15.7
48,ego,True,False,False,False,False,False,0.168,1.210,14.000,2.380,0.170,0,15.5
48,ours,False,True,False,False,False,True,-0.340,1.090,14.000,3.480,-0.340,0,infs
49,ego,True,False,False,False,False,False,0.309,0.620,27.860,4.270,0.310,0,14.6
49,ours,True,False,False,False,False,False,0.309,1.950,27.860,4.270,0.310,0,15.8
50,ego,True,False,False,False,False,False,0.401,4.300,20.900,1.450,0.400,0,13.7
50,ours,True,False,False,False,False,False,0.383,4.300,20.900,1.280,0.380,0,14.4
51,ego,False,True,False,True,False,False,-0.135,2.450,-0.140,18.410,4.370,0,infs
51,ours,True,False,False,False,False,False,0.297,1.190,0.300,2.540,0.340,258,16.3
52,ego,True,False,False,False,False,False,0.065,0.060,,1.470,0.340,0,13.7
52,ours,False,True,False,False,False,True,-0.122,1.830,,1.990,-0.120,707,infs
53,ego,True,False,False,False,False,False,1.953,4.280,,1.950,8.400,0,15.6
53,ours,True,False,False,False,False,False,1.869,3.080,,1.870,8.400,0,15.7
54,ego,True,False,False,False,False,False,0.346,1.430,20.800,3.320,0.350,0,15.4
54,ours,True,False,False,False,False,False,0.482,2.140,12.720,3.150,0.480,0,16.4
55,ego,False,True,False,False,False,True,-0.190,0.400,5.100,0.940,-0.190,0,infs
55,ours,False,True,False,False,False,True,-0.328,1.440,3.990,1.850,-0.330,0,infs
56,ego,False,True,False,True,False,False,-0.165,1.150,-0.170,9.460,0.740,0,infs
56,ours,True,False,False,False,False,False,0.532,1.270,2.100,8.260,0.530,1,14.8
57,ego,False,True,False,False,False,True,-0.138,1.000,7.740,3.780,-0.140,0,infs
57,ours,False,True,False,False,False,True,-0.054,1.190,6.510,4.250,-0.050,0,infs
58,ego,False,True,False,False,False,True,-0.298,8.990,3.300,,-0.300,0,infs
58,ours,True,False,False,False,False,False,0.392,2.260,3.290,3.450,0.390,0,15.0
59,ego,True,False,False,False,False,False,0.489,0.490,8.670,1.960,2.480,0,14.1
59,ours,True,False,False,False,False,False,1.347,1.620,8.740,1.680,1.350,0,14.6
60,ego,True,False,False,False,False,False,0.186,1.580,9.880,0.190,0.240,0,15.4
60,ours,True,False,False,False,False,False,0.293,3.060,10.090,1.890,0.290,0,15.9
61,ego,True,False,False,False,False,False,0.403,0.640,3.880,3.640,0.400,0,13.6
61,ours,True,False,False,False,False,False,1.066,1.410,4.070,3.270,1.070,0,13.7
62,ego,True,False,False,False,False,False,0.085,1.370,,1.590,0.090,0,14.5
62,ours,True,False,False,False,False,False,0.474,2.150,,2.320,0.470,0,15.0
63,ego,False,True,False,True,False,False,-0.059,4.530,-0.060,,6.730,0,infs
63,ours,True,False,False,False,False,False,0.335,1.690,1.260,8.820,0.340,489,16.4
64,ego,True,False,False,False,False,False,0.240,0.820,11.160,2.810,0.240,0,12.3
64,ours,False,True,False,False,False,True,-0.006,1.040,20.690,2.350,-0.010,0,infs
65,ego,True,False,False,False,False,False,0.518,1.040,,1.030,0.520,0,15.8
65,ours,True,False,False,False,False,False,0.380,1.250,,3.180,0.380,0,15.8
66,ego,True,False,False,False,False,False,0.628,0.630,,1.040,0.910,0,15.3
66,ours,True,False,False,False,False,False,0.906,1.980,,2.810,0.910,0,15.4
67,ego,True,False,False,False,False,False,0.266,0.620,16.280,2.770,0.270,43,15.4
67,ours,False,True,False,False,False,True,-0.165,1.850,15.380,11.910,-0.170,176,infs
68,ego,True,False,False,False,False,False,0.104,0.940,25.320,4.050,0.100,0,12.9
68,ours,True,False,False,False,False,False,0.066,0.700,25.460,3.420,0.070,0,14.6
69,ego,True,False,False,False,False,False,0.676,0.680,17.560,2.710,10.390,0,15.8
69,ours,True,False,False,False,False,False,0.403,0.400,17.560,2.380,10.300,0,15.8
70,ego,True,False,False,False,False,False,0.019,1.600,1.360,0.460,0.020,0,13.2
70,ours,True,False,False,False,False,False,0.212,1.500,2.050,2.430,0.210,0,13.3
71,ego,True,False,False,False,False,False,0.283,0.280,25.060,3.700,0.760,0,13.9
71,ours,True,False,False,False,False,False,0.756,0.950,25.060,2.920,0.760,0,14.1
72,ego,True,False,False,False,False,False,0.090,0.990,17.700,4.060,0.090,0,13.9
72,ours,False,True,False,False,False,True,-0.026,1.520,16.930,3.880,-0.030,179,infs
73,ego,True,False,False,False,False,False,0.379,0.850,18.640,3.600,0.380,0,14.9
73,ours,True,False,False,False,False,False,0.446,1.220,17.710,2.990,0.450,0,15.1
74,ego,True,False,False,False,False,False,0.349,0.640,27.580,3.760,0.350,0,12.6
74,ours,False,True,False,False,False,True,-0.237,2.220,27.580,2.630,-0.240,0,infs
75,ego,False,True,False,False,False,True,-0.561,0.900,4.890,0.450,-0.560,0,infs
75,ours,False,True,False,False,False,True,-0.476,0.850,8.530,1.860,-0.480,0,infs
76,ego,True,False,False,False,False,False,0.463,0.820,2.150,1.290,0.460,0,11.9
76,ours,True,False,False,False,False,False,0.300,1.460,1.930,3.220,0.300,0,12.6
77,ego,True,False,False,False,False,False,0.491,2.640,,2.390,0.490,0,13.4
77,ours,True,False,False,False,False,False,0.487,2.850,,2.560,0.490,0,13.4
78,ego,True,False,False,False,False,False,0.101,0.510,0.920,2.040,0.100,0,12.2
78,ours,True,False,False,False,False,False,0.398,0.680,0.440,1.680,0.400,387,14.4
79,ego,True,False,False,False,False,False,0.529,1.460,5.750,2.470,0.530,0,15.2
79,ours,True,False,False,False,False,False,0.529,1.580,5.580,2.430,0.530,0,15.2
80,ego,True,False,False,False,False,False,0.199,2.010,4.100,0.440,0.200,0,14.8
80,ours,True,False,False,False,False,False,0.208,1.340,4.100,4.380,0.210,1,15.9
81,ego,False,True,False,False,False,True,-0.059,0.320,,22.840,-0.060,0,infs
81,ours,True,False,False,False,False,False,0.391,1.630,,7.850,0.390,0,15.8
82,ego,True,False,False,False,False,False,0.342,2.380,0.340,1.730,0.390,0,15.2
82,ours,True,False,False,False,False,False,0.342,2.380,0.340,2.300,0.880,0,15.3
83,ego,False,True,False,False,False,True,-0.412,0.440,,7.200,-0.410,0,infs
83,ours,True,False,False,False,False,False,0.455,2.240,,1.740,0.450,0,14.6
84,ego,True,False,False,False,False,False,1.152,1.150,25.830,1.620,2.390,0,15.7
84,ours,True,False,False,False,False,False,1.489,1.620,25.790,1.490,2.910,0,15.7
85,ego,True,False,False,False,False,False,0.222,0.600,13.000,2.590,0.220,0,14.8
85,ours,True,False,False,False,False,False,0.598,0.600,12.150,5.060,0.630,0,14.9
86,ego,True,False,False,False,False,False,0.147,0.790,10.710,2.470,0.150,0,15.2
86,ours,False,True,False,False,False,True,-0.059,2.020,5.440,3.880,-0.060,0,infs
87,ego,True,False,False,False,False,False,1.224,1.220,,1.460,1.820,0,13.5
87,ours,True,False,False,False,False,False,1.572,1.570,,2.610,1.820,0,13.6
88,ego,True,False,False,False,False,False,0.853,0.850,,1.270,1.650,0,14.9
88,ours,True,False,False,False,False,False,0.788,1.700,,2.380,0.790,0,15.1
89,ego,True,False,False,False,False,False,0.237,0.240,,3.390,3.800,0,14.3
89,ours,True,False,False,False,False,False,1.127,1.130,,3.390,3.800,0,14.3
90,ego,True,False,False,False,False,False,0.513,1.150,,4.440,0.510,0,14.5
90,ours,True,False,False,False,False,False,0.564,1.260,,3.900,0.560,0,14.4
91,ego,True,False,False,False,False,False,0.068,3.240,7.690,1.920,0.070,129,15.0
91,ours,True,False,False,False,False,False,0.662,3.050,7.730,2.060,0.660,0,14.9
92,ego,True,False,False,False,False,False,0.635,0.630,8.460,1.580,3.160,0,11.3
92,ours,True,False,False,False,False,False,1.195,1.200,11.360,2.020,2.620,0,12.6
93,ego,False,True,False,True,False,False,-0.230,0.440,-0.230,1.940,0.150,0,infs
93,ours,True,False,False,False,False,False,0.998,1.000,1.010,4.490,1.260,1,16.7
94,ego,True,False,False,False,False,False,0.768,1.570,4.040,3.050,0.770,0,15.5
94,ours,True,False,False,False,False,False,0.768,1.820,4.040,3.050,0.770,0,15.6
95,ego,True,False,False,False,False,False,0.866,2.320,9.240,2.850,0.870,0,14.3
95,ours,True,False,False,False,False,False,0.866,2.320,9.240,2.850,0.870,0,14.3
96,ego,True,False,False,False,False,False,0.441,0.440,,5.090,0.510,0,13.5
96,ours,False,True,False,False,False,True,-0.455,1.260,,5.190,-0.450,0,infs
97,ego,True,False,False,False,False,False,0.077,0.290,14.340,4.240,0.080,0,12.9
97,ours,True,False,False,False,False,False,0.535,1.060,15.060,5.440,0.530,215,13.8
98,ego,True,False,False,False,False,False,0.774,0.930,,0.770,1.330,0,15.4
98,ours,True,False,False,False,False,False,0.983,1.490,,1.650,0.980,0,15.4
99,ego,True,False,False,False,False,False,0.285,1.480,2.400,4.460,0.280,43,14.1
99,ours,True,False,False,False,False,False,0.494,1.680,2.400,4.510,0.490,0,14.0
